Time - Low Level,Amplitude - Low Level,Time - High Level,Amplitude - High Level,Time - Set Value,Amplitude - Set Value,Time - Tank B Level,Amplitude - Tank B Level,Time - Tank A Level,Amplitude - Tank A Level,Time - Volts to Valve,Amplitude - Volts to Valve
1196,6,1196,8,1196,7,1196,4.79338,1196,-0.454428,1196,2.20662
1197,6,1197,8,1197,7,1197,4.79932,1197,-0.454595,1197,2.20068
1198,6,1198,8,1198,7,1198,4.80454,1198,-0.454398,1198,2.19546
1199,6,1199,8,1199,7,1199,4.80941,1199,-0.454241,1199,2.19059
1200,6,1200,8,1200,7,1200,4.81419,1200,-0.454369,1200,2.18581
1201,6,1201,8,1201,7,1201,4.81967,1201,-0.454477,1201,2.18033
1202,6,1202,8,1202,7,1202,4.82484,1202,-0.45429,1202,2.17516
1203,6,1203,8,1203,7,1203,4.83051,1203,-0.453868,1203,2.16949
1204,6,1204,8,1204,7,1204,4.83636,1204,-0.453897,1204,2.16364
1205,6,1205,8,1205,7,1205,4.83909,1205,-0.454015,1205,2.16091
1206,6,1206,8,1206,7,1206,4.84551,1206,-0.453494,1206,2.15449
1207,6,1207,8,1207,7,1207,4.84873,1207,-0.453553,1207,2.15127
1208,6,1208,8,1208,7,1208,4.85553,1208,-0.453799,1208,2.14447
1209,6,1209,8,1209,7,1209,4.8621,1209,-0.453445,1209,2.1379
1210,6,1210,8,1210,7,1210,4.86411,1210,-0.453398,1210,2.13589
1211,6,1211,8,1211,7,1211,4.86819,1211,-0.453632,1211,2.13181
1212,6,1212,8,1212,7,1212,4.87408,1212,-0.453769,1212,2.12592
1213,6,1213,8,1213,7,1213,4.8782,1213,-0.453524,1213,2.1218
1214,6,1214,8,1214,7,1214,4.88461,1214,-0.453209,1214,2.11539
1215,6,1215,8,1215,7,1215,4.88809,1215,-0.453082,1215,2.11191
1216,6,1216,8,1216,7,1216,4.89261,1216,-0.452698,1216,2.10739
1217,6,1217,8,1217,7,1217,4.89733,1217,-0.453013,1217,2.10267
1218,6,1218,8,1218,7,1218,4.90152,1218,-0.452895,1218,2.09848
1219,6,1219,8,1219,7,1219,4.90617,1219,-0.452571,1219,2.09383
1220,6,1220,8,1220,7,1220,4.91328,1220,-0.452335,1220,2.08672
1221,6,1221,8,1221,7,1221,4.91782,1221,-0.452158,1221,2.08218
1222,6,1222,8,1222,7,1222,4.92204,1222,-0.452128,1222,2.07796
1223,6,1223,8,1223,7,1223,4.92631,1223,-0.451804,1223,2.07369
1224,6,1224,8,1224,7,1224,4.92964,1224,-0.451627,1224,2.07036
1225,6,1225,8,1225,7,1225,4.9355,1225,-0.451667,1225,2.0645
1226,6,1226,8,1226,7,1226,4.93795,1226,-0.451313,1226,2.06205
1227,6,1227,8,1227,7,1227,4.94239,1227,-0.451048,1227,2.05761
1228,6,1228,8,1228,7,1228,4.94692,1228,-0.451002,1228,2.05308
1229,6,1229,8,1229,7,1229,4.9503,1229,-0.45091,1229,2.0497
1230,6,1230,8,1230,7,1230,4.95362,1230,-0.450871,1230,2.04638
1231,6,1231,8,1231,7,1231,4.95761,1231,-0.450674,1231,2.04239
1232,6,1232,8,1232,7,1232,4.96074,1232,-0.450959,1232,2.03926
1233,6,1233,8,1233,7,1233,4.96345,1233,-0.450832,1233,2.03655
1234,6,1234,8,1234,7,1234,4.96931,1234,-0.450507,1234,2.03069
1235,6,1235,8,1235,7,1235,4.97464,1235,-0.450596,1235,2.02536
1236,6,1236,8,1236,7,1236,4.97867,1236,-0.449928,1236,2.02133
1237,6,1237,8,1237,7,1237,4.98314,1237,-0.449859,1237,2.01686
1238,6,1238,8,1238,7,1238,4.98468,1238,-0.450321,1238,2.01532
1239,6,1239,8,1239,7,1239,4.98881,1239,-0.449987,1239,2.01119
1240,6,1240,8,1240,7,1240,4.99081,1240,-0.450242,1240,2.00919
1241,6,1241,8,1241,7,1241,4.99258,1241,-0.450645,1241,2.00742
1242,6,1242,8,1242,7,1242,4.99566,1242,-0.450733,1242,2.00434
1243,6,1243,8,1243,7,1243,4.99809,1243,-0.450949,1243,2.00191
1244,6,1244,8,1244,7,1244,4.99991,1244,-0.450596,1244,2.00009
1245,6,1245,8,1245,7,1245,5.00495,1245,-0.450527,1245,1.99505
1246,6,1246,8,1246,7,1246,5.01247,1246,-0.450822,1246,1.98753
1247,6,1247,8,1247,7,1247,5.02176,1247,-0.450409,1247,1.97824
1248,6,1248,8,1248,7,1248,5.02787,1248,-0.449731,1248,1.97213
1249,6,1249,8,1249,7,1249,5.03281,1249,-0.449888,1249,1.96719
1250,6,1250,8,1250,7,1250,5.03567,1250,-0.449554,1250,1.96433
1251,6,1251,8,1251,7,1251,5.04032,1251,-0.44981,1251,1.95968
1252,6,1252,8,1252,7,1252,5.04359,1252,-0.449505,1252,1.95641
1253,6,1253,8,1253,7,1253,5.04571,1253,-0.449574,1253,1.95429
1254,6,1254,8,1254,7,1254,5.04743,1254,-0.44921,1254,1.95257
1255,6,1255,8,1255,7,1255,5.05099,1255,-0.44922,1255,1.94901
1256,6,1256,8,1256,7,1256,5.05394,1256,-0.449014,1256,1.94606
1257,6,1257,8,1257,7,1257,5.0564,1257,-0.448424,1257,1.9436
1258,6,1258,8,1258,7,1258,5.05849,1258,-0.448719,1258,1.94151
1259,6,1259,8,1259,7,1259,5.06269,1259,-0.448827,1259,1.93731
1260,6,1260,8,1260,7,1260,5.0664,1260,-0.448041,1260,1.9336
1261,6,1261,8,1261,7,1261,5.06724,1261,-0.447864,1261,1.93276
1262,6,1262,8,1262,7,1262,5.06742,1262,-0.447933,1262,1.93258
1263,6,1263,8,1263,7,1263,5.06908,1263,-0.447845,1263,1.93092
1264,6,1264,8,1264,7,1264,5.0718,1264,-0.447402,1264,1.9282
1265,6,1265,8,1265,7,1265,5.0728,1265,-0.447648,1265,1.9272
1266,6,1266,8,1266,7,1266,5.07771,1266,-0.447412,1266,1.92229
1267,6,1267,8,1267,7,1267,5.08144,1267,-0.447216,1267,1.91856
1268,6,1268,8,1268,7,1268,5.08351,1268,-0.447294,1268,1.91649
1269,6,1269,8,1269,7,1269,5.08364,1269,-0.447078,1269,1.91636
1270,6,1270,8,1270,7,1270,5.08691,1270,-0.447471,1270,1.91309
1271,6,1271,8,1271,7,1271,5.08976,1271,-0.447756,1271,1.91024
1272,6,1272,8,1272,7,1272,5.09116,1272,-0.447206,1272,1.90884
1273,6,1273,8,1273,7,1273,5.09286,1273,-0.44695,1273,1.90714
1274,6,1274,8,1274,7,1274,5.094,1274,-0.447186,1274,1.906
1275,6,1275,8,1275,7,1275,5.09673,1275,-0.446774,1275,1.90327
1276,6,1276,8,1276,7,1276,5.0984,1276,-0.446921,1276,1.9016
1277,6,1277,8,1277,7,1277,5.10086,1277,-0.446823,1277,1.89914
1278,6,1278,8,1278,7,1278,5.10327,1278,-0.447108,1278,1.89673
1279,6,1279,8,1279,7,1279,5.10457,1279,-0.447078,1279,1.89543
1280,6,1280,8,1280,7,1280,5.10561,1280,-0.446783,1280,1.89439
1281,6,1281,8,1281,7,1281,5.10848,1281,-0.446508,1281,1.89152
1282,6,1282,8,1282,7,1282,5.11125,1282,-0.446479,1282,1.88875
1283,6,1283,8,1283,7,1283,5.11314,1283,-0.446449,1283,1.88686
1284,6,1284,8,1284,7,1284,5.11311,1284,-0.446508,1284,1.88689
1285,6,1285,8,1285,7,1285,5.11598,1285,-0.44643,1285,1.88402
1286,6,1286,8,1286,7,1286,5.11959,1286,-0.44643,1286,1.88041
1287,6,1287,8,1287,7,1287,5.1208,1287,-0.446862,1287,1.8792
1288,6,1288,8,1288,7,1288,5.121,1288,-0.446813,1288,1.879
1289,6,1289,8,1289,7,1289,5.1215,1289,-0.446901,1289,1.8785
1290,6,1290,8,1290,7,1290,5.12088,1290,-0.44696,1290,1.87912
1291,6,1291,8,1291,7,1291,5.12264,1291,-0.446705,1291,1.87736
1292,6,1292,8,1292,7,1292,5.12726,1292,-0.446538,1292,1.87274
1293,6,1293,8,1293,7,1293,5.12948,1293,-0.446322,1293,1.87052
1294,6,1294,8,1294,7,1294,5.13001,1294,-0.446125,1294,1.86999
1295,6,1295,8,1295,7,1295,5.13191,1295,-0.446155,1295,1.86809
1296,6,1296,8,1296,7,1296,5.1338,1296,-0.445762,1296,1.8662
1297,6,1297,8,1297,7,1297,5.13538,1297,-0.445555,1297,1.86462
1298,6,1298,8,1298,7,1298,5.1385,1298,-0.445565,1298,1.8615
1299,6,1299,8,1299,7,1299,5.14066,1299,-0.445467,1299,1.85934
1300,6,1300,8,1300,7,1300,5.14181,1300,-0.445202,1300,1.85819
1301,6,1301,8,1301,7,1301,5.14169,1301,-0.445477,1301,1.85831
1302,6,1302,8,1302,7,1302,5.14371,1302,-0.44528,1302,1.85629
1303,6,1303,8,1303,7,1303,5.14374,1303,-0.445467,1303,1.85626
1304,6,1304,8,1304,7,1304,5.14522,1304,-0.445762,1304,1.85478
1305,6,1305,8,1305,7,1305,5.14639,1305,-0.445693,1305,1.85361
1306,6,1306,8,1306,7,1306,5.14875,1306,-0.445722,1306,1.85125
1307,6,1307,8,1307,7,1307,5.15034,1307,-0.445506,1307,1.84966
1308,6,1308,8,1308,7,1308,5.15148,1308,-0.445644,1308,1.84852
1309,6,1309,8,1309,7,1309,5.15268,1309,-0.445595,1309,1.84732
1310,6,1310,8,1310,7,1310,5.15386,1310,-0.445496,1310,1.84614
1311,6,1311,8,1311,7,1311,5.15571,1311,-0.445742,1311,1.84429
1312,6,1312,8,1312,7,1312,5.15495,1312,-0.445988,1312,1.84505
1313,6,1313,8,1313,7,1313,5.15709,1313,-0.445575,1313,1.84291
1314,6,1314,8,1314,7,1314,5.16008,1314,-0.44588,1314,1.83992
1315,6,1315,8,1315,7,1315,5.16134,1315,-0.446037,1315,1.83866
1316,6,1316,8,1316,7,1316,5.16282,1316,-0.44584,1316,1.83718
1317,6,1317,8,1317,7,1317,5.16459,1317,-0.445732,1317,1.83541
1318,6,1318,8,1318,7,1318,5.16384,1318,-0.445467,1318,1.83616
1319,6,1319,8,1319,7,1319,5.16465,1319,-0.445093,1319,1.83535
1320,6,1320,8,1320,7,1320,5.16552,1320,-0.44529,1320,1.83448
1321,6,1321,8,1321,7,1321,5.16811,1321,-0.445044,1321,1.83189
1322,6,1322,8,1322,7,1322,5.16952,1322,-0.445231,1322,1.83048
1323,6,1323,8,1323,7,1323,5.17124,1323,-0.445555,1323,1.82876
1324,6,1324,8,1324,7,1324,5.17213,1324,-0.445909,1324,1.82787
1325,6,1325,8,1325,7,1325,5.17435,1325,-0.446096,1325,1.82565
1326,6,1326,8,1326,7,1326,5.17426,1326,-0.446184,1326,1.82574
1327,6,1327,8,1327,7,1327,5.1735,1327,-0.446027,1327,1.8265
1328,6,1328,8,1328,7,1328,5.17446,1328,-0.445595,1328,1.82554
1329,6,1329,8,1329,7,1329,5.17731,1329,-0.445349,1329,1.82269
1330,6,1330,8,1330,7,1330,5.17722,1330,-0.445192,1330,1.82278
1331,6,1331,8,1331,7,1331,5.17682,1331,-0.445251,1331,1.82318
1332,6,1332,8,1332,7,1332,5.17845,1332,-0.445712,1332,1.82155
1333,6,1333,8,1333,7,1333,5.18,1333,-0.445349,1333,1.82
1334,6,1334,8,1334,7,1334,5.18035,1334,-0.444926,1334,1.81965
1335,6,1335,8,1335,7,1335,5.18306,1335,-0.445054,1335,1.81694
1336,6,1336,8,1336,7,1336,5.18457,1336,-0.444681,1336,1.81543
1337,6,1337,8,1337,7,1337,5.18464,1337,-0.445025,1337,1.81536
1338,6,1338,8,1338,7,1338,5.18482,1338,-0.445182,1338,1.81518
1339,6,1339,8,1339,7,1339,5.18556,1339,-0.445487,1339,1.81444
1340,6,1340,8,1340,7,1340,5.18627,1340,-0.445339,1340,1.81373
1341,6,1341,8,1341,7,1341,5.18832,1341,-0.445202,1341,1.81168
1342,6,1342,8,1342,7,1342,5.18883,1342,-0.445133,1342,1.81117
1343,6,1343,8,1343,7,1343,5.1898,1343,-0.444995,1343,1.8102
1344,6,1344,8,1344,7,1344,5.19033,1344,-0.445447,1344,1.80967
1345,6,1345,8,1345,7,1345,5.19146,1345,-0.445369,1345,1.80854
1346,6,1346,8,1346,7,1346,5.19208,1346,-0.444966,1346,1.80792
1347,6,1347,8,1347,7,1347,5.19296,1347,-0.444956,1347,1.80704
1348,6,1348,8,1348,7,1348,5.19447,1348,-0.444926,1348,1.80553
1349,6,1349,8,1349,7,1349,5.19483,1349,-0.445103,1349,1.80517
1350,6,1350,8,1350,7,1350,5.19575,1350,-0.445074,1350,1.80425
1351,6,1351,8,1351,7,1351,5.19803,1351,-0.444671,1351,1.80197
1352,6,1352,8,1352,7,1352,5.19793,1352,-0.444563,1352,1.80207
1353,6,1353,8,1353,7,1353,5.20036,1353,-0.444779,1353,1.79964
1354,6,1354,8,1354,7,1354,5.20017,1354,-0.444425,1354,1.79983
1355,6,1355,8,1355,7,1355,5.20062,1355,-0.444484,1355,1.79938
1356,6,1356,8,1356,7,1356,5.20263,1356,-0.444445,1356,1.79737
1357,6,1357,8,1357,7,1357,5.20683,1357,-0.443816,1357,1.79317
1358,6,1358,8,1358,7,1358,5.20449,1358,-0.443148,1358,1.79551
1359,6,1359,8,1359,7,1359,5.20652,1359,-0.442902,1359,1.79348
1360,6,1360,8,1360,7,1360,5.20647,1360,-0.442441,1360,1.79353
1361,6,1361,8,1361,7,1361,5.2056,1361,-0.442008,1361,1.7944
1362,6,1362,8,1362,7,1362,5.20911,1362,-0.442097,1362,1.79089
1363,6,1363,8,1363,7,1363,5.20954,1363,-0.441635,1363,1.79046
1364,6,1364,8,1364,7,1364,5.21058,1364,-0.441556,1364,1.78942
1365,6,1365,8,1365,7,1365,5.21126,1365,-0.441478,1365,1.78874
1366,6,1366,8,1366,7,1366,5.21344,1366,-0.441055,1366,1.78656
1367,6,1367,8,1367,7,1367,5.21344,1367,-0.441517,1367,1.78656
1368,6,1368,8,1368,7,1368,5.21303,1368,-0.4419,1368,1.78697
1369,6,1369,8,1369,7,1369,5.21218,1369,-0.442264,1369,1.78782
1370,6,1370,8,1370,7,1370,5.21437,1370,-0.442382,1370,1.78563
1371,6,1371,8,1371,7,1371,5.21446,1371,-0.442274,1371,1.78554
1372,6,1372,8,1372,7,1372,5.21806,1372,-0.442382,1372,1.78194
1373,6,1373,8,1373,7,1373,5.21746,1373,-0.442794,1373,1.78254
1374,6,1374,8,1374,7,1374,5.21774,1374,-0.442549,1374,1.78226
1375,6,1375,8,1375,7,1375,5.21766,1375,-0.442863,1375,1.78234
1376,6,1376,8,1376,7,1376,5.21754,1376,-0.443413,1376,1.78246
1377,6,1377,8,1377,7,1377,5.21936,1377,-0.443777,1377,1.78064
1378,6,1378,8,1378,7,1378,5.21993,1378,-0.443629,1378,1.78007
1379,6,1379,8,1379,7,1379,5.22069,1379,-0.443639,1379,1.77931
1380,6,1380,8,1380,7,1380,5.22113,1380,-0.44358,1380,1.77887
1381,6,1381,8,1381,7,1381,5.22302,1381,-0.444062,1381,1.77698
1382,6,1382,8,1382,7,1382,5.22235,1382,-0.444288,1382,1.77765
1383,6,1383,8,1383,7,1383,5.2232,1383,-0.444406,1383,1.7768
1384,6,1384,8,1384,7,1384,5.22489,1384,-0.44471,1384,1.77511
1385,6,1385,8,1385,7,1385,5.22496,1385,-0.445005,1385,1.77504
1386,6,1386,8,1386,7,1386,5.22572,1386,-0.444887,1386,1.77428
1387,6,1387,8,1387,7,1387,5.22738,1387,-0.444976,1387,1.77262
1388,6,1388,8,1388,7,1388,5.2272,1388,-0.445103,1388,1.7728
1389,6,1389,8,1389,7,1389,5.22633,1389,-0.445329,1389,1.77367
1390,6,1390,8,1390,7,1390,5.22612,1390,-0.445211,1390,1.77388
1391,6,1391,8,1391,7,1391,5.22821,1391,-0.44529,1391,1.77179
1392,6,1392,8,1392,7,1392,5.22898,1392,-0.445231,1392,1.77102
1393,6,1393,8,1393,7,1393,5.22916,1393,-0.445388,1393,1.77084
1394,6,1394,8,1394,7,1394,5.22993,1394,-0.445103,1394,1.77007
1395,6,1395,8,1395,7,1395,5.23083,1395,-0.4453,1395,1.76917
1396,6,1396,8,1396,7,1396,5.23237,1396,-0.445673,1396,1.76763
1397,6,1397,8,1397,7,1397,5.2324,1397,-0.445801,1397,1.7676
1398,6,1398,8,1398,7,1398,5.23313,1398,-0.446115,1398,1.76687
1399,6,1399,8,1399,7,1399,5.23241,1399,-0.446135,1399,1.76759
1400,6,1400,8,1400,7,1400,5.23308,1400,-0.446086,1400,1.76692
1401,6,1401,8,1401,7,1401,5.23337,1401,-0.446577,1401,1.76663
1402,6,1402,8,1402,7,1402,5.23478,1402,-0.446457,1402,1.76522
1403,6,1403,8,1403,7,1403,5.23483,1403,-0.445997,1403,1.76517
1404,6,1404,8,1404,7,1404,5.23557,1404,-0.445938,1404,1.76443
1405,6,1405,8,1405,7,1405,5.23633,1405,-0.445811,1405,1.76367
1406,6,1406,8,1406,7,1406,5.23729,1406,-0.445929,1406,1.76271
1407,6,1407,8,1407,7,1407,5.23801,1407,-0.446027,1407,1.76199
1408,6,1408,8,1408,7,1408,5.23882,1408,-0.446223,1408,1.76118
1409,6,1409,8,1409,7,1409,5.23931,1409,-0.446302,1409,1.76069
1410,6,1410,8,1410,7,1410,5.24011,1410,-0.446705,1410,1.75989
1411,6,1411,8,1411,7,1411,5.24015,1411,-0.446862,1411,1.75985
1412,6,1412,8,1412,7,1412,5.23959,1412,-0.44698,1412,1.76041
1413,6,1413,8,1413,7,1413,5.23937,1413,-0.446921,1413,1.76063
1414,6,1414,8,1414,7,1414,5.23961,1414,-0.446666,1414,1.76039
1415,6,1415,8,1415,7,1415,5.24179,1415,-0.446675,1415,1.75821
1416,6,1416,8,1416,7,1416,5.24154,1416,-0.446508,1416,1.75846
1417,6,1417,8,1417,7,1417,5.24247,1417,-0.447304,1417,1.75753
1418,6,1418,8,1418,7,1418,5.24277,1418,-0.447648,1418,1.75723
1419,6,1419,8,1419,7,1419,5.24325,1419,-0.447824,1419,1.75675
1420,6,1420,8,1420,7,1420,5.24459,1420,-0.448041,1420,1.75541
1421,6,1421,8,1421,7,1421,5.24414,1421,-0.447795,1421,1.75586
1422,6,1422,8,1422,7,1422,5.24317,1422,-0.448071,1422,1.75683
1423,6,1423,8,1423,7,1423,5.24473,1423,-0.448021,1423,1.75527
1424,6,1424,8,1424,7,1424,5.24398,1424,-0.447982,1424,1.75602
1425,6,1425,8,1425,7,1425,5.2436,1425,-0.448193,1425,1.7564
1426,6,1426,8,1426,7,1426,5.2464,1426,-0.448183,1426,1.7536
1427,6,1427,8,1427,7,1427,5.24633,1427,-0.447911,1427,1.75367
1428,6,1428,8,1428,7,1428,5.24651,1428,-0.448139,1428,1.75349
1429,6,1429,8,1429,7,1429,5.24648,1429,-0.448523,1429,1.75352
1430,6,1430,8,1430,7,1430,5.24662,1430,-0.448395,1430,1.75338
1431,6,1431,8,1431,7,1431,5.24684,1431,-0.448316,1431,1.75316
1432,6,1432,8,1432,7,1432,5.24823,1432,-0.448179,1432,1.75177
1433,6,1433,8,1433,7,1433,5.24863,1433,-0.448405,1433,1.75137
1434,6,1434,8,1434,7,1434,5.24842,1434,-0.448414,1434,1.75158
1435,6,1435,8,1435,7,1435,5.24896,1435,-0.448542,1435,1.75104
1436,6,1436,8,1436,7,1436,5.24914,1436,-0.448984,1436,1.75086
1437,6,1437,8,1437,7,1437,5.24966,1437,-0.449092,1437,1.75034
1438,6,1438,8,1438,7,1438,5.24998,1438,-0.449427,1438,1.75002
1439,6,1439,8,1439,7,1439,5.25111,1439,-0.449829,1439,1.74889
1440,6,1440,8,1440,7,1440,5.25142,1440,-0.449829,1440,1.74858
1441,6,1441,8,1441,7,1441,5.25107,1441,-0.449898,1441,1.74893
1442,6,1442,8,1442,7,1442,5.25101,1442,-0.44982,1442,1.74899
1443,6,1443,8,1443,7,1443,5.25111,1443,-0.449662,1443,1.74889
1444,6,1444,8,1444,7,1444,5.25311,1444,-0.449466,1444,1.74689
1445,6,1445,8,1445,7,1445,5.25221,1445,-0.449309,1445,1.74779
1446,6,1446,8,1446,7,1446,5.25144,1446,-0.44922,1446,1.74856
1447,6,1447,8,1447,7,1447,5.25133,1447,-0.449132,1447,1.74867
1448,6,1448,8,1448,7,1448,5.2519,1448,-0.449102,1448,1.7481
1449,6,1449,8,1449,7,1449,5.25164,1449,-0.449427,1449,1.74836
1450,6,1450,8,1450,7,1450,5.25263,1450,-0.449603,1450,1.74737
1451,6,1451,8,1451,7,1451,5.2525,1451,-0.44981,1451,1.7475
1452,6,1452,8,1452,7,1452,5.25349,1452,-0.449692,1452,1.74651
1453,6,1453,8,1453,7,1453,5.25501,1453,-0.450085,1453,1.74499
1454,6,1454,8,1454,7,1454,5.2543,1454,-0.450262,1454,1.7457
1455,6,1455,8,1455,7,1455,5.25261,1455,-0.450674,1455,1.74739
1456,6,1456,8,1456,7,1456,5.25436,1456,-0.451097,1456,1.74564
1457,6,1457,8,1457,7,1457,5.25344,1457,-0.451038,1457,1.74656
1458,6,1458,8,1458,7,1458,5.25355,1458,-0.450773,1458,1.74645
1459,6,1459,8,1459,7,1459,5.25364,1459,-0.450556,1459,1.74636
1460,6,1460,8,1460,7,1460,5.25466,1460,-0.450832,1460,1.74534
1461,6,1461,8,1461,7,1461,5.25529,1461,-0.450714,1461,1.74471
1462,6,1462,8,1462,7,1462,5.25537,1462,-0.451195,1462,1.74463
1463,6,1463,8,1463,7,1463,5.25575,1463,-0.451735,1463,1.74425
1464,6,1464,8,1464,7,1464,5.25547,1464,-0.451244,1464,1.74453
1465,6,1465,8,1465,7,1465,5.25542,1465,-0.4515,1465,1.74458
1466,6,1466,8,1466,7,1466,5.25619,1466,-0.451136,1466,1.74381
1467,6,1467,8,1467,7,1467,5.2568,1467,-0.450674,1467,1.7432
1468,6,1468,8,1468,7,1468,5.2587,1468,-0.450537,1468,1.7413
1469,6,1469,8,1469,7,1469,5.25847,1469,-0.45037,1469,1.74153
1470,6,1470,8,1470,7,1470,5.25913,1470,-0.450036,1470,1.74087
1471,6,1471,8,1471,7,1471,5.25734,1471,-0.449977,1471,1.74266
1472,6,1472,8,1472,7,1472,5.25857,1472,-0.450193,1472,1.74143
1473,6,1473,8,1473,7,1473,5.25822,1473,-0.450271,1473,1.74178
1474,6,1474,8,1474,7,1474,5.25725,1474,-0.451018,1474,1.74275
1475,6,1475,8,1475,7,1475,5.25903,1475,-0.451922,1475,1.74097
1476,6,1476,8,1476,7,1476,5.25843,1476,-0.45206,1476,1.74157
1477,6,1477,8,1477,7,1477,5.25754,1477,-0.452541,1477,1.74246
1478,6,1478,8,1478,7,1478,5.2588,1478,-0.452335,1478,1.7412
1479,6,1479,8,1479,7,1479,5.25979,1479,-0.451706,1479,1.74021
1480,6,1480,8,1480,7,1480,5.25912,1480,-0.45202,1480,1.74088
1481,6,1481,8,1481,7,1481,5.25885,1481,-0.452197,1481,1.74115
1482,6,1482,8,1482,7,1482,5.2585,1482,-0.451883,1482,1.7415
1483,6,1483,8,1483,7,1483,5.26062,1483,-0.451342,1483,1.73938
1484,6,1484,8,1484,7,1484,5.26182,1484,-0.451303,1484,1.73818
1485,6,1485,8,1485,7,1485,5.26191,1485,-0.451392,1485,1.73809
1486,6,1486,8,1486,7,1486,5.26122,1486,-0.451352,1486,1.73878
1487,6,1487,8,1487,7,1487,5.26194,1487,-0.451323,1487,1.73806
1488,6,1488,8,1488,7,1488,5.26293,1488,-0.451785,1488,1.73707
1489,6,1489,8,1489,7,1489,5.26151,1489,-0.451451,1489,1.73849
1490,6,1490,8,1490,7,1490,5.26134,1490,-0.451726,1490,1.73866
1491,6,1491,8,1491,7,1491,5.26214,1491,-0.450841,1491,1.73786
1492,6,1492,8,1492,7,1492,5.26409,1492,-0.450095,1492,1.73591
1493,6,1493,8,1493,7,1493,5.26488,1493,-0.450075,1493,1.73512
1494,6,1494,8,1494,7,1494,5.26532,1494,-0.450311,1494,1.73468
1495,6,1495,8,1495,7,1495,5.26473,1495,-0.450026,1495,1.73527
1496,6,1496,8,1496,7,1496,5.26544,1496,-0.450055,1496,1.73456
1497,6,1497,8,1497,7,1497,5.26653,1497,-0.450242,1497,1.73347
1498,6,1498,8,1498,7,1498,5.26651,1498,-0.450478,1498,1.73349
1499,6,1499,8,1499,7,1499,5.2656,1499,-0.450881,1499,1.7344
1500,6,1500,8,1500,7,1500,5.26579,1500,-0.450684,1500,1.73421
1501,6,1501,8,1501,7,1501,5.26585,1501,-0.450822,1501,1.73415
1502,6,1502,8,1502,7,1502,5.26568,1502,-0.450871,1502,1.73432
1503,6,1503,8,1503,7,1503,5.26435,1503,-0.450694,1503,1.73565
1504,6,1504,8,1504,7,1504,5.26256,1504,-0.450665,1504,1.73744
1505,6,1505,8,1505,7,1505,5.26392,1505,-0.450635,1505,1.73608
1506,6,1506,8,1506,7,1506,5.26574,1506,-0.45034,1506,1.73426
1507,6,1507,8,1507,7,1507,5.26526,1507,-0.450635,1507,1.73474
1508,6,1508,8,1508,7,1508,5.26709,1508,-0.450134,1508,1.73291
1509,6,1509,8,1509,7,1509,5.26583,1509,-0.450065,1509,1.73417
1510,6,1510,8,1510,7,1510,5.2659,1510,-0.450183,1510,1.7341
1511,6,1511,8,1511,7,1511,5.2661,1511,-0.450743,1511,1.7339
1512,6,1512,8,1512,7,1512,5.26688,1512,-0.450743,1512,1.73312
1513,6,1513,8,1513,7,1513,5.26798,1513,-0.450704,1513,1.73202
1514,6,1514,8,1514,7,1514,5.26837,1514,-0.45038,1514,1.73163
1515,6,1515,8,1515,7,1515,5.26815,1515,-0.450311,1515,1.73185
1516,6,1516,8,1516,7,1516,5.26621,1516,-0.450154,1516,1.73379
1517,6,1517,8,1517,7,1517,5.26663,1517,-0.450291,1517,1.73337
1518,6,1518,8,1518,7,1518,5.26759,1518,-0.449928,1518,1.73241
1519,6,1519,8,1519,7,1519,5.26627,1519,-0.449348,1519,1.73373
1520,6,1520,8,1520,7,1520,5.26638,1520,-0.449181,1520,1.73362
1521,6,1521,8,1521,7,1521,5.26684,1521,-0.449181,1521,1.73316
1522,6,1522,8,1522,7,1522,5.26775,1522,-0.448965,1522,1.73225
1523,6,1523,8,1523,7,1523,5.26812,1523,-0.448267,1523,1.73188
1524,6,1524,8,1524,7,1524,5.26886,1524,-0.448267,1524,1.73114
1525,6,1525,8,1525,7,1525,5.26873,1525,-0.448021,1525,1.73127
1526,6,1526,8,1526,7,1526,5.26868,1526,-0.448071,1526,1.73132
1527,6,1527,8,1527,7,1527,5.26826,1527,-0.448886,1527,1.73174
1528,6,1528,8,1528,7,1528,5.26697,1528,-0.449328,1528,1.73303
1529,6,1529,8,1529,7,1529,5.26931,1529,-0.449456,1529,1.73069
1530,6,1530,8,1530,7,1530,5.2684,1530,-0.449417,1530,1.7316
1531,6,1531,8,1531,7,1531,5.26765,1531,-0.449495,1531,1.73235
1532,6,1532,8,1532,7,1532,5.26915,1532,-0.449348,1532,1.73085
1533,6,1533,8,1533,7,1533,5.26793,1533,-0.449682,1533,1.73207
1534,6,1534,8,1534,7,1534,5.26875,1534,-0.449682,1534,1.73125
1535,6,1535,8,1535,7,1535,5.26803,1535,-0.450075,1535,1.73197
1536,6,1536,8,1536,7,1536,5.26973,1536,-0.449996,1536,1.73027
1537,6,1537,8,1537,7,1537,5.26767,1537,-0.449505,1537,1.73233
1538,6,1538,8,1538,7,1538,5.26617,1538,-0.449888,1538,1.73383
1539,6,1539,8,1539,7,1539,5.26696,1539,-0.449427,1539,1.73304
1540,6,1540,8,1540,7,1540,5.26855,1540,-0.449063,1540,1.73145
1541,6,1541,8,1541,7,1541,5.26865,1541,-0.449073,1541,1.73135
1542,6,1542,8,1542,7,1542,5.26962,1542,-0.449063,1542,1.73038
1543,6,1543,8,1543,7,1543,5.2699,1543,-0.449328,1543,1.7301
1544,6,1544,8,1544,7,1544,5.26897,1544,-0.449407,1544,1.73103
1545,6,1545,8,1545,7,1545,5.26889,1545,-0.450154,1545,1.73111
1546,6,1546,8,1546,7,1546,5.26787,1546,-0.450566,1546,1.73213
1547,6,1547,8,1547,7,1547,5.26701,1547,-0.450065,1547,1.73299
1548,6,1548,8,1548,7,1548,5.26867,1548,-0.449417,1548,1.73133
1549,6,1549,8,1549,7,1549,5.26911,1549,-0.44979,1549,1.73089
1550,6,1550,8,1550,7,1550,5.26994,1550,-0.449554,1550,1.73006
1551,6,1551,8,1551,7,1551,5.26997,1551,-0.449505,1551,1.73003
1552,6,1552,8,1552,7,1552,5.27101,1552,-0.449377,1552,1.72899
1553,6,1553,8,1553,7,1553,5.27121,1553,-0.449711,1553,1.72879
1554,6,1554,8,1554,7,1554,5.2713,1554,-0.44981,1554,1.7287
1555,6,1555,8,1555,7,1555,5.27233,1555,-0.449505,1555,1.72767
1556,6,1556,8,1556,7,1556,5.27279,1556,-0.449495,1556,1.72721
1557,6,1557,8,1557,7,1557,5.272,1557,-0.449829,1557,1.728
1558,6,1558,8,1558,7,1558,5.27238,1558,-0.450026,1558,1.72762
1559,6,1559,8,1559,7,1559,5.27062,1559,-0.450468,1559,1.72938
1560,6,1560,8,1560,7,1560,5.27237,1560,-0.450213,1560,1.72763
1561,6,1561,8,1561,7,1561,5.27187,1561,-0.450262,1561,1.72813
1562,6,1562,8,1562,7,1562,5.27165,1562,-0.450095,1562,1.72835
1563,6,1563,8,1563,7,1563,5.27114,1563,-0.449928,1563,1.72886
1564,6,1564,8,1564,7,1564,5.27058,1564,-0.44981,1564,1.72942
1565,6,1565,8,1565,7,1565,5.27007,1565,-0.449702,1565,1.72993
1566,6,1566,8,1566,7,1566,5.27178,1566,-0.449859,1566,1.72822
1567,6,1567,8,1567,7,1567,5.27199,1567,-0.4498,1567,1.72801
1568,6,1568,8,1568,7,1568,5.27169,1568,-0.449937,1568,1.72831
1569,6,1569,8,1569,7,1569,5.27207,1569,-0.450144,1569,1.72793
1570,6,1570,8,1570,7,1570,5.27208,1570,-0.450439,1570,1.72792
1571,6,1571,8,1571,7,1571,5.27225,1571,-0.450242,1571,1.72775
1572,6,1572,8,1572,7,1572,5.27229,1572,-0.450763,1572,1.72771
1573,6,1573,8,1573,7,1573,5.2718,1573,-0.450665,1573,1.7282
1574,6,1574,8,1574,7,1574,5.26977,1574,-0.450773,1574,1.73023
1575,6,1575,8,1575,7,1575,5.27139,1575,-0.450596,1575,1.72861
1576,6,1576,8,1576,7,1576,5.27233,1576,-0.450311,1576,1.72767
1577,6,1577,8,1577,7,1577,5.27109,1577,-0.450476,1577,1.72891
1578,6,1578,8,1578,7,1578,5.27093,1578,-0.45035,1578,1.72907
1579,6,1579,8,1579,7,1579,5.27097,1579,-0.450733,1579,1.72903
1580,6,1580,8,1580,7,1580,5.27126,1580,-0.450733,1580,1.72874
1581,6,1581,8,1581,7,1581,5.27027,1581,-0.450704,1581,1.72973
1582,6,1582,8,1582,7,1582,5.27056,1582,-0.45093,1582,1.72944
1583,6,1583,8,1583,7,1583,5.27024,1583,-0.450596,1583,1.72976
1584,6,1584,8,1584,7,1584,5.27101,1584,-0.450586,1584,1.72899
1585,6,1585,8,1585,7,1585,5.27222,1585,-0.450655,1585,1.72778
1586,6,1586,8,1586,7,1586,5.27217,1586,-0.450478,1586,1.72783
1587,6,1587,8,1587,7,1587,5.27161,1587,-0.450606,1587,1.72839
1588,6,1588,8,1588,7,1588,5.27078,1588,-0.451038,1588,1.72922
1589,6,1589,8,1589,7,1589,5.27022,1589,-0.450556,1589,1.72978
1590,6,1590,8,1590,7,1590,5.27161,1590,-0.450645,1590,1.72839
1591,6,1591,8,1591,7,1591,5.27101,1591,-0.451048,1591,1.72899
1592,6,1592,8,1592,7,1592,5.27091,1592,-0.450576,1592,1.72909
1593,6,1593,8,1593,7,1593,5.27083,1593,-0.450743,1593,1.72917
1594,6,1594,8,1594,7,1594,5.27071,1594,-0.450684,1594,1.72929
1595,6,1595,8,1595,7,1595,5.27072,1595,-0.450556,1595,1.72928
1596,6,1596,8,1596,7,1596,5.27095,1596,-0.45035,1596,1.72905
1597,6,1597,8,1597,7,1597,5.27228,1597,-0.45037,1597,1.72772
1598,6,1598,8,1598,7,1598,5.27263,1598,-0.450173,1598,1.72737
1599,6,1599,8,1599,7,1599,5.27191,1599,-0.450419,1599,1.72809
1600,6,1600,8,1600,7,1600,5.27079,1600,-0.450252,1600,1.72921
1601,6,1601,8,1601,7,1601,5.27178,1601,-0.450114,1601,1.72822
1602,6,1602,8,1602,7,1602,5.27041,1602,-0.45035,1602,1.72959
1603,6,1603,8,1603,7,1603,5.27175,1603,-0.450321,1603,1.72825
1604,6,1604,8,1604,7,1604,5.27063,1604,-0.450242,1604,1.72937
1605,6,1605,8,1605,7,1605,5.27012,1605,-0.450694,1605,1.72988
1606,6,1606,8,1606,7,1606,5.26926,1606,-0.450635,1606,1.73074
1607,6,1607,8,1607,7,1607,5.27065,1607,-0.450723,1607,1.72935
1608,6,1608,8,1608,7,1608,5.27105,1608,-0.451126,1608,1.72895
1609,6,1609,8,1609,7,1609,5.27017,1609,-0.450743,1609,1.72983
1610,6,1610,8,1610,7,1610,5.26963,1610,-0.451097,1610,1.73037
1611,6,1611,8,1611,7,1611,5.26977,1611,-0.451519,1611,1.73023
1612,6,1612,8,1612,7,1612,5.26988,1612,-0.451166,1612,1.73012
1613,6,1613,8,1613,7,1613,5.27046,1613,-0.451392,1613,1.72954
1614,6,1614,8,1614,7,1614,5.26938,1614,-0.451372,1614,1.73062
1615,6,1615,8,1615,7,1615,5.26901,1615,-0.451225,1615,1.73099
1616,6,1616,8,1616,7,1616,5.26963,1616,-0.451303,1616,1.73037
1617,6,1617,8,1617,7,1617,5.26951,1617,-0.451627,1617,1.73049
1618,6,1618,8,1618,7,1618,5.26871,1618,-0.451509,1618,1.73129
1619,6,1619,8,1619,7,1619,5.2683,1619,-0.451382,1619,1.7317
1620,6,1620,8,1620,7,1620,5.26776,1620,-0.451401,1620,1.73224
1621,6,1621,8,1621,7,1621,5.2683,1621,-0.451441,1621,1.7317
1622,6,1622,8,1622,7,1622,5.26817,1622,-0.45148,1622,1.73183
1623,6,1623,8,1623,7,1623,5.26811,1623,-0.451588,1623,1.73189
1624,6,1624,8,1624,7,1624,5.26768,1624,-0.451735,1624,1.73232
1625,6,1625,8,1625,7,1625,5.26838,1625,-0.451451,1625,1.73162
1626,6,1626,8,1626,7,1626,5.26825,1626,-0.451559,1626,1.73175
1627,6,1627,8,1627,7,1627,5.26884,1627,-0.451608,1627,1.73116
1628,6,1628,8,1628,7,1628,5.26936,1628,-0.451657,1628,1.73064
1629,6,1629,8,1629,7,1629,5.26839,1629,-0.452089,1629,1.73161
1630,6,1630,8,1630,7,1630,5.26894,1630,-0.451824,1630,1.73106
1631,6,1631,8,1631,7,1631,5.26983,1631,-0.45125,1631,1.73017
1632,6,1632,8,1632,7,1632,5.26774,1632,-0.451001,1632,1.73226
1633,6,1633,8,1633,7,1633,5.26768,1633,-0.450933,1633,1.73232
1634,6,1634,8,1634,7,1634,5.26896,1634,-0.450703,1634,1.73104
1635,6,1635,8,1635,7,1635,5.26967,1635,-0.450556,1635,1.73033
1636,6,1636,8,1636,7,1636,5.27102,1636,-0.450389,1636,1.72898
1637,6,1637,8,1637,7,1637,5.26995,1637,-0.450458,1637,1.73005
1638,6,1638,8,1638,7,1638,5.26989,1638,-0.450507,1638,1.73011
1639,6,1639,8,1639,7,1639,5.26942,1639,-0.450674,1639,1.73058
1640,6,1640,8,1640,7,1640,5.27055,1640,-0.450989,1640,1.72945
1641,6,1641,8,1641,7,1641,5.26982,1641,-0.450556,1641,1.73018
1642,6,1642,8,1642,7,1642,5.26859,1642,-0.450301,1642,1.73141
1643,6,1643,8,1643,7,1643,5.2685,1643,-0.450782,1643,1.7315
1644,6,1644,8,1644,7,1644,5.26864,1644,-0.450851,1644,1.73136
1645,6,1645,8,1645,7,1645,5.2682,1645,-0.450841,1645,1.7318
1646,6,1646,8,1646,7,1646,5.26894,1646,-0.450714,1646,1.73106
1647,6,1647,8,1647,7,1647,5.26848,1647,-0.450409,1647,1.73152
1648,6,1648,8,1648,7,1648,5.26769,1648,-0.450822,1648,1.73231
1649,6,1649,8,1649,7,1649,5.26849,1649,-0.451166,1649,1.73151
1650,6,1650,8,1650,7,1650,5.26859,1650,-0.45092,1650,1.73141
1651,6,1651,8,1651,7,1651,5.26833,1651,-0.450773,1651,1.73167
1652,6,1652,8,1652,7,1652,5.26815,1652,-0.451097,1652,1.73185
1653,6,1653,8,1653,7,1653,5.26908,1653,-0.451018,1653,1.73092
1654,6,1654,8,1654,7,1654,5.26944,1654,-0.450773,1654,1.73056
1655,6,1655,8,1655,7,1655,5.2692,1655,-0.4509,1655,1.7308
1656,6,1656,8,1656,7,1656,5.26904,1656,-0.451067,1656,1.73096
1657,6,1657,8,1657,7,1657,5.26941,1657,-0.451107,1657,1.73059
1658,6,1658,8,1658,7,1658,5.27003,1658,-0.45094,1658,1.72997
1659,6,1659,8,1659,7,1659,5.26978,1659,-0.451539,1659,1.73022
1660,6,1660,8,1660,7,1660,5.27065,1660,-0.450959,1660,1.72935
1661,6,1661,8,1661,7,1661,5.27093,1661,-0.450822,1661,1.72907
1662,6,1662,8,1662,7,1662,5.27057,1662,-0.450429,1662,1.72943
1663,6,1663,8,1663,7,1663,5.27051,1663,-0.450114,1663,1.72949
1664,6,1664,8,1664,7,1664,5.2707,1664,-0.450114,1664,1.7293
1665,6,1665,8,1665,7,1665,5.27068,1665,-0.450311,1665,1.72932
1666,6,1666,8,1666,7,1666,5.27156,1666,-0.450694,1666,1.72844
1667,6,1667,8,1667,7,1667,5.27256,1667,-0.450665,1667,1.72744
1668,6,1668,8,1668,7,1668,5.27004,1668,-0.451018,1668,1.72996
1669,6,1669,8,1669,7,1669,5.26929,1669,-0.451067,1669,1.73071
1670,6,1670,8,1670,7,1670,5.27083,1670,-0.45094,1670,1.72917
1671,6,1671,8,1671,7,1671,5.27272,1671,-0.450861,1671,1.72728
1672,6,1672,8,1672,7,1672,5.27179,1672,-0.45094,1672,1.72821
1673,6,1673,8,1673,7,1673,5.27004,1673,-0.451303,1673,1.72996
1674,6,1674,8,1674,7,1674,5.27063,1674,-0.451333,1674,1.72937
1675,6,1675,8,1675,7,1675,5.2704,1675,-0.451175,1675,1.7296
1676,6,1676,8,1676,7,1676,5.27115,1676,-0.451392,1676,1.72885
1677,6,1677,8,1677,7,1677,5.27051,1677,-0.451411,1677,1.72949
1678,6,1678,8,1678,7,1678,5.26996,1678,-0.450969,1678,1.73004
1679,6,1679,8,1679,7,1679,5.27086,1679,-0.451028,1679,1.72914
1680,6,1680,8,1680,7,1680,5.27185,1680,-0.451136,1680,1.72815
1681,6,1681,8,1681,7,1681,5.27095,1681,-0.451067,1681,1.72905
1682,6,1682,8,1682,7,1682,5.27034,1682,-0.451411,1682,1.72966
1683,6,1683,8,1683,7,1683,5.27045,1683,-0.451775,1683,1.72955
1684,6,1684,8,1684,7,1684,5.27005,1684,-0.451883,1684,1.72995
1685,6,1685,8,1685,7,1685,5.27051,1685,-0.45148,1685,1.72949
1686,6,1686,8,1686,7,1686,5.27058,1686,-0.451539,1686,1.72942
1687,6,1687,8,1687,7,1687,5.27125,1687,-0.451539,1687,1.72875
1688,6,1688,8,1688,7,1688,5.27182,1688,-0.451775,1688,1.72818
1689,6,1689,8,1689,7,1689,5.27257,1689,-0.451775,1689,1.72743
1690,6,1690,8,1690,7,1690,5.27108,1690,-0.451785,1690,1.72892
1691,6,1691,8,1691,7,1691,5.27227,1691,-0.4515,1691,1.72773
1692,6,1692,8,1692,7,1692,5.27244,1692,-0.451657,1692,1.72756
1693,6,1693,8,1693,7,1693,5.27023,1693,-0.451991,1693,1.72977
1694,6,1694,8,1694,7,1694,5.26951,1694,-0.452187,1694,1.73049
1695,6,1695,8,1695,7,1695,5.27064,1695,-0.452315,1695,1.72936
1696,6,1696,8,1696,7,1696,5.27048,1696,-0.451893,1696,1.72952
1697,6,1697,8,1697,7,1697,5.27002,1697,-0.451824,1697,1.72998
1698,6,1698,8,1698,7,1698,5.2709,1698,-0.452197,1698,1.7291
1699,6,1699,8,1699,7,1699,5.26957,1699,-0.452286,1699,1.73043
1700,6,1700,8,1700,7,1700,5.27035,1700,-0.45204,1700,1.72965
1701,6,1701,8,1701,7,1701,5.27101,1701,-0.45206,1701,1.72899
1702,6,1702,8,1702,7,1702,5.26932,1702,-0.451775,1702,1.73068
1703,6,1703,8,1703,7,1703,5.27033,1703,-0.45204,1703,1.72967
1704,6,1704,8,1704,7,1704,5.26999,1704,-0.451922,1704,1.73001
1705,6,1705,8,1705,7,1705,5.2693,1705,-0.45204,1705,1.7307
1706,6,1706,8,1706,7,1706,5.26814,1706,-0.451883,1706,1.73186
1707,6,1707,8,1707,7,1707,5.269,1707,-0.451952,1707,1.731
1708,6,1708,8,1708,7,1708,5.26905,1708,-0.451392,1708,1.73095
1709,6,1709,8,1709,7,1709,5.2703,1709,-0.451274,1709,1.7297
1710,6,1710,8,1710,7,1710,5.26967,1710,-0.451195,1710,1.73033
1711,6,1711,8,1711,7,1711,5.26886,1711,-0.451382,1711,1.73114
1712,6,1712,8,1712,7,1712,5.26994,1712,-0.450989,1712,1.73006
1713,6,1713,8,1713,7,1713,5.27167,1713,-0.450832,1713,1.72833
1714,6,1714,8,1714,7,1714,5.27121,1714,-0.45093,1714,1.72879
1715,6,1715,8,1715,7,1715,5.27079,1715,-0.451058,1715,1.72921
1716,6,1716,8,1716,7,1716,5.27115,1716,-0.450822,1716,1.72885
1717,6,1717,8,1717,7,1717,5.27159,1717,-0.450419,1717,1.72841
1718,6,1718,8,1718,7,1718,5.27047,1718,-0.450615,1718,1.72953
1719,6,1719,8,1719,7,1719,5.27066,1719,-0.450389,1719,1.72934
1720,6,1720,8,1720,7,1720,5.26928,1720,-0.450694,1720,1.73072
1721,6,1721,8,1721,7,1721,5.26982,1721,-0.450969,1721,1.73018
1722,6,1722,8,1722,7,1722,5.27064,1722,-0.450606,1722,1.72936
1723,6,1723,8,1723,7,1723,5.26887,1723,-0.450488,1723,1.73113
1724,6,1724,8,1724,7,1724,5.26885,1724,-0.450517,1724,1.73115
1725,6,1725,8,1725,7,1725,5.26821,1725,-0.450782,1725,1.73179
1726,6,1726,8,1726,7,1726,5.26899,1726,-0.450743,1726,1.73101
1727,6,1727,8,1727,7,1727,5.26966,1727,-0.450556,1727,1.73034
1728,6,1728,8,1728,7,1728,5.27089,1728,-0.450291,1728,1.72911
1729,6,1729,8,1729,7,1729,5.26993,1729,-0.45037,1729,1.73007
1730,6,1730,8,1730,7,1730,5.27017,1730,-0.449839,1730,1.72983
1731,6,1731,8,1731,7,1731,5.27032,1731,-0.44979,1731,1.72968
1732,6,1732,8,1732,7,1732,5.27075,1732,-0.449584,1732,1.72925
1733,6,1733,8,1733,7,1733,5.26995,1733,-0.449761,1733,1.73005
1734,6,1734,8,1734,7,1734,5.26989,1734,-0.449652,1734,1.73011
1735,6,1735,8,1735,7,1735,5.26975,1735,-0.449407,1735,1.73025
1736,6,1736,8,1736,7,1736,5.26828,1736,-0.450252,1736,1.73172
1737,6,1737,8,1737,7,1737,5.27011,1737,-0.450036,1737,1.72989
1738,6,1738,8,1738,7,1738,5.26953,1738,-0.449594,1738,1.73047
1739,6,1739,8,1739,7,1739,5.26911,1739,-0.449338,1739,1.73089
1740,6,1740,8,1740,7,1740,5.27063,1740,-0.449201,1740,1.72937
1741,6,1741,8,1741,7,1741,5.27034,1741,-0.449161,1741,1.72966
1742,6,1742,8,1742,7,1742,5.27067,1742,-0.448385,1742,1.72933
1743,6,1743,8,1743,7,1743,5.26998,1743,-0.448424,1743,1.73002
1744,6,1744,8,1744,7,1744,5.26966,1744,-0.448778,1744,1.73034
1745,6,1745,8,1745,7,1745,5.2699,1745,-0.448709,1745,1.7301
1746,6,1746,8,1746,7,1746,5.26935,1746,-0.44869,1746,1.73065
1747,6,1747,8,1747,7,1747,5.26852,1747,-0.448699,1747,1.73148
1748,6,1748,8,1748,7,1748,5.26787,1748,-0.448739,1748,1.73213
1749,6,1749,8,1749,7,1749,5.26829,1749,-0.448817,1749,1.73171
1750,6,1750,8,1750,7,1750,5.26935,1750,-0.448444,1750,1.73065
1751,6,1751,8,1751,7,1751,5.26806,1751,-0.448365,1751,1.73194
1752,6,1752,8,1752,7,1752,5.2696,1752,-0.448183,1752,1.7304
1753,6,1753,8,1753,7,1753,5.26964,1753,-0.448149,1753,1.73036
1754,6,1754,8,1754,7,1754,5.26918,1754,-0.448159,1754,1.73082
1755,6,1755,8,1755,7,1755,5.26899,1755,-0.447815,1755,1.73101
1756,6,1756,8,1756,7,1756,5.26975,1756,-0.447786,1756,1.73025
1757,6,1757,8,1757,7,1757,5.2676,1757,-0.447923,1757,1.7324
1758,6,1758,8,1758,7,1758,5.26755,1758,-0.447982,1758,1.73245
1759,6,1759,8,1759,7,1759,5.26847,1759,-0.448238,1759,1.73153
1760,6,1760,8,1760,7,1760,5.26946,1760,-0.447825,1760,1.73054
1761,6,1761,8,1761,7,1761,5.26939,1761,-0.447854,1761,1.73061
1762,6,1762,8,1762,7,1762,5.26951,1762,-0.448356,1762,1.73049
1763,6,1763,8,1763,7,1763,5.2692,1763,-0.448631,1763,1.7308
1764,6,1764,8,1764,7,1764,5.26882,1764,-0.448267,1764,1.73118
1765,6,1765,8,1765,7,1765,5.26943,1765,-0.447825,1765,1.73057
1766,6,1766,8,1766,7,1766,5.26798,1766,-0.447913,1766,1.73202
1767,6,1767,8,1767,7,1767,5.26871,1767,-0.448071,1767,1.73129
1768,6,1768,8,1768,7,1768,5.27021,1768,-0.448208,1768,1.72979
1769,6,1769,8,1769,7,1769,5.26974,1769,-0.448012,1769,1.73026
1770,6,1770,8,1770,7,1770,5.2693,1770,-0.448002,1770,1.7307
1771,6,1771,8,1771,7,1771,5.26975,1771,-0.447894,1771,1.73025
1772,6,1772,8,1772,7,1772,5.26968,1772,-0.447727,1772,1.73032
1773,6,1773,8,1773,7,1773,5.27001,1773,-0.447766,1773,1.72999
1774,6,1774,8,1774,7,1774,5.26987,1774,-0.448051,1774,1.73013
1775,6,1775,8,1775,7,1775,5.26897,1775,-0.448238,1775,1.73103
1776,6,1776,8,1776,7,1776,5.26855,1776,-0.44868,1776,1.73145
1777,6,1777,8,1777,7,1777,5.26867,1777,-0.448611,1777,1.73133
1778,6,1778,8,1778,7,1778,5.2683,1778,-0.448424,1778,1.7317
1779,6,1779,8,1779,7,1779,5.26812,1779,-0.448611,1779,1.73188
1780,6,1780,8,1780,7,1780,5.26981,1780,-0.448817,1780,1.73019
1781,6,1781,8,1781,7,1781,5.26938,1781,-0.448925,1781,1.73062
1782,6,1782,8,1782,7,1782,5.26878,1782,-0.448827,1782,1.73122
1783,6,1783,8,1783,7,1783,5.26861,1783,-0.448807,1783,1.73139
1784,6,1784,8,1784,7,1784,5.269,1784,-0.449092,1784,1.731
1785,6,1785,8,1785,7,1785,5.26952,1785,-0.449122,1785,1.73048
1786,6,1786,8,1786,7,1786,5.26835,1786,-0.449033,1786,1.73165
1787,6,1787,8,1787,7,1787,5.26764,1787,-0.449289,1787,1.73236
1788,6,1788,8,1788,7,1788,5.26591,1788,-0.449613,1788,1.73409
1789,6,1789,8,1789,7,1789,5.26621,1789,-0.450448,1789,1.73379
1790,6,1790,8,1790,7,1790,5.26749,1790,-0.450124,1790,1.73251
1791,6,1791,8,1791,7,1791,5.2676,1791,-0.450055,1791,1.7324
1792,6,1792,8,1792,7,1792,5.26773,1792,-0.449947,1792,1.73227
1793,6,1793,8,1793,7,1793,5.26719,1793,-0.44978,1793,1.73281
1794,6,1794,8,1794,7,1794,5.26658,1794,-0.449692,1794,1.73342
1795,6,1795,8,1795,7,1795,5.26626,1795,-0.450046,1795,1.73374
1796,6,1796,8,1796,7,1796,5.26803,1796,-0.450046,1796,1.73197
1797,6,1797,8,1797,7,1797,5.26841,1797,-0.449928,1797,1.73159
1798,6,1798,8,1798,7,1798,5.26848,1798,-0.450547,1798,1.73152
1799,6,1799,8,1799,7,1799,5.26925,1799,-0.450517,1799,1.73075
1800,6,1800,8,1800,7,1800,5.2688,1800,-0.450773,1800,1.7312
1801,6,1801,8,1801,7,1801,5.26945,1801,-0.450989,1801,1.73055
1802,6,1802,8,1802,7,1802,5.26889,1802,-0.4515,1802,1.73111
1803,6,1803,8,1803,7,1803,5.26675,1803,-0.451519,1803,1.73325
1804,6,1804,8,1804,7,1804,5.26607,1804,-0.4509,1804,1.73393
1805,6,1805,8,1805,7,1805,5.26698,1805,-0.451244,1805,1.73302
1806,6,1806,8,1806,7,1806,5.26794,1806,-0.450949,1806,1.73206
1807,6,1807,8,1807,7,1807,5.2692,1807,-0.450832,1807,1.7308
1808,6,1808,8,1808,7,1808,5.2685,1808,-0.4509,1808,1.7315
1809,6,1809,8,1809,7,1809,5.26891,1809,-0.450743,1809,1.73109
1810,6,1810,8,1810,7,1810,5.27033,1810,-0.450271,1810,1.72967
1811,6,1811,8,1811,7,1811,5.26965,1811,-0.450321,1811,1.73035
1812,6,1812,8,1812,7,1812,5.2704,1812,-0.449898,1812,1.7296
1813,6,1813,8,1813,7,1813,5.26821,1813,-0.449535,1813,1.73179
1814,6,1814,8,1814,7,1814,5.26797,1814,-0.449299,1814,1.73203
1815,6,1815,8,1815,7,1815,5.26837,1815,-0.448984,1815,1.73163
1816,6,1816,8,1816,7,1816,5.26765,1816,-0.448916,1816,1.73235
1817,6,1817,8,1817,7,1817,5.26759,1817,-0.44868,1817,1.73241
1818,6,1818,8,1818,7,1818,5.2677,1818,-0.448699,1818,1.7323
1819,6,1819,8,1819,7,1819,5.26779,1819,-0.448414,1819,1.73221
1820,6,1820,8,1820,7,1820,5.26831,1820,-0.44812,1820,1.73169
1821,6,1821,8,1821,7,1821,5.268,1821,-0.447678,1821,1.732
1822,6,1822,8,1822,7,1822,5.26816,1822,-0.447186,1822,1.73184
1823,6,1823,8,1823,7,1823,5.26886,1823,-0.446597,1823,1.73114
1824,6,1824,8,1824,7,1824,5.26875,1824,-0.446597,1824,1.73125
1825,6,1825,8,1825,7,1825,5.26795,1825,-0.446646,1825,1.73205
1826,6,1826,8,1826,7,1826,5.26796,1826,-0.446351,1826,1.73204
1827,6,1827,8,1827,7,1827,5.26787,1827,-0.446263,1827,1.73213
1828,6,1828,8,1828,7,1828,5.26732,1828,-0.446331,1828,1.73268
1829,6,1829,8,1829,7,1829,5.26915,1829,-0.446047,1829,1.73085
1830,6,1830,8,1830,7,1830,5.26925,1830,-0.446125,1830,1.73075
1831,6,1831,8,1831,7,1831,5.26926,1831,-0.446115,1831,1.73074
1832,6,1832,8,1832,7,1832,5.26923,1832,-0.445771,1832,1.73077
1833,6,1833,8,1833,7,1833,5.26886,1833,-0.445506,1833,1.73114
1834,6,1834,8,1834,7,1834,5.26958,1834,-0.445585,1834,1.73042
1835,6,1835,8,1835,7,1835,5.26821,1835,-0.445634,1835,1.73179
1836,6,1836,8,1836,7,1836,5.26761,1836,-0.445634,1836,1.73239
1837,6,1837,8,1837,7,1837,5.26921,1837,-0.445899,1837,1.73079
1838,6,1838,8,1838,7,1838,5.26987,1838,-0.445762,1838,1.73013
1839,6,1839,8,1839,7,1839,5.26996,1839,-0.44588,1839,1.73004
1840,6,1840,8,1840,7,1840,5.26712,1840,-0.446273,1840,1.73288
1841,6,1841,8,1841,7,1841,5.26753,1841,-0.446253,1841,1.73247
1842,6,1842,8,1842,7,1842,5.2687,1842,-0.446223,1842,1.7313
1843,6,1843,8,1843,7,1843,5.2689,1843,-0.446705,1843,1.7311
1844,6,1844,8,1844,7,1844,5.26919,1844,-0.446394,1844,1.73081
1845,6,1845,8,1845,7,1845,5.26875,1845,-0.446169,1845,1.73125
1846,6,1846,8,1846,7,1846,5.26854,1846,-0.446248,1846,1.73146
1847,6,1847,8,1847,7,1847,5.26825,1847,-0.446328,1847,1.73175
1848,6,1848,8,1848,7,1848,5.26854,1848,-0.446219,1848,1.73146
1849,6,1849,8,1849,7,1849,5.2686,1849,-0.446675,1849,1.7314
1850,6,1850,8,1850,7,1850,5.26742,1850,-0.446823,1850,1.73258
1851,6,1851,8,1851,7,1851,5.26799,1851,-0.446882,1851,1.73201
1852,6,1852,8,1852,7,1852,5.26831,1852,-0.447186,1852,1.73169
1853,6,1853,8,1853,7,1853,5.26819,1853,-0.44754,1853,1.73181
1854,6,1854,8,1854,7,1854,5.26768,1854,-0.44753,1854,1.73232
1855,6,1855,8,1855,7,1855,5.26689,1855,-0.447678,1855,1.73311
1856,6,1856,8,1856,7,1856,5.26723,1856,-0.447992,1856,1.73277
1857,6,1857,8,1857,7,1857,5.2681,1857,-0.44808,1857,1.7319
1858,6,1858,8,1858,7,1858,5.26712,1858,-0.448316,1858,1.73288
1859,6,1859,8,1859,7,1859,5.26716,1859,-0.448041,1859,1.73284
1860,6,1860,8,1860,7,1860,5.26593,1860,-0.448434,1860,1.73407
1861,6,1861,8,1861,7,1861,5.26461,1861,-0.448365,1861,1.73539
1862,6,1862,8,1862,7,1862,5.26533,1862,-0.44813,1862,1.73467
1863,6,1863,8,1863,7,1863,5.26637,1863,-0.448523,1863,1.73363
1864,6,1864,8,1864,7,1864,5.26678,1864,-0.448277,1864,1.73322
1865,6,1865,8,1865,7,1865,5.2676,1865,-0.447766,1865,1.7324
1866,6,1866,8,1866,7,1866,5.2669,1866,-0.447805,1866,1.7331
1867,6,1867,8,1867,7,1867,5.26614,1867,-0.447569,1867,1.73386
1868,6,1868,8,1868,7,1868,5.26634,1868,-0.447864,1868,1.73366
1869,6,1869,8,1869,7,1869,5.26673,1869,-0.447884,1869,1.73327
1870,6,1870,8,1870,7,1870,5.2669,1870,-0.448336,1870,1.7331
1871,6,1871,8,1871,7,1871,5.26666,1871,-0.448886,1871,1.73334
1872,6,1872,8,1872,7,1872,5.26688,1872,-0.448837,1872,1.73312
1873,6,1873,8,1873,7,1873,5.2655,1873,-0.448847,1873,1.7345
1874,6,1874,8,1874,7,1874,5.26379,1874,-0.449318,1874,1.73621
1875,6,1875,8,1875,7,1875,5.26597,1875,-0.449603,1875,1.73403
1876,6,1876,8,1876,7,1876,5.26401,1876,-0.449869,1876,1.73599
1877,6,1877,8,1877,7,1877,5.26331,1877,-0.450065,1877,1.73669
1878,6,1878,8,1878,7,1878,5.26245,1878,-0.450232,1878,1.73755
1879,6,1879,8,1879,7,1879,5.26352,1879,-0.450389,1879,1.73648
1880,6,1880,8,1880,7,1880,5.26352,1880,-0.450704,1880,1.73648
1881,6,1881,8,1881,7,1881,5.26245,1881,-0.451608,1881,1.73755
1882,6,1882,8,1882,7,1882,5.26338,1882,-0.451451,1882,1.73662
1883,6,1883,8,1883,7,1883,5.26401,1883,-0.451451,1883,1.73599
1884,6,1884,8,1884,7,1884,5.26333,1884,-0.451903,1884,1.73667
1885,6,1885,8,1885,7,1885,5.26229,1885,-0.452089,1885,1.73771
1886,6,1886,8,1886,7,1886,5.26237,1886,-0.452433,1886,1.73763
1887,6,1887,8,1887,7,1887,5.26253,1887,-0.452443,1887,1.73747
1888,6,1888,8,1888,7,1888,5.26362,1888,-0.452453,1888,1.73638
1889,6,1889,8,1889,7,1889,5.26387,1889,-0.452207,1889,1.73613
1890,6,1890,8,1890,7,1890,5.26458,1890,-0.452512,1890,1.73542
1891,6,1891,8,1891,7,1891,5.26367,1891,-0.452345,1891,1.73633
1892,6,1892,8,1892,7,1892,5.26359,1892,-0.451647,1892,1.73641
1893,6,1893,8,1893,7,1893,5.26381,1893,-0.451166,1893,1.73619
1894,6,1894,8,1894,7,1894,5.26378,1894,-0.450645,1894,1.73622
