LabVIEW Measurement						
Writer_Version	2					
Reader_Version	2					
Separator	Tab					
Decimal_Separator	.					
Multi_Headings	No					
X_Columns	No					
Time_Pref	Relative					
Operator	Lab					
Date	2019/09/27					
Time	14:50:03.3754382133483886719					
***End_of_Header***						
						
Channels	5					
Samples	1	1	1	1	1	
Date	2019/09/27	2019/09/27	2019/09/27	2019/09/27	2019/09/27	
Time	14:50:03.3754382133483886719	14:50:03.3754382133483886719	14:50:03.3754382133483886719	14:50:03.3754382133483886719	14:50:03.3754382133483886719	
X_Dimension	Time	Time	Time	Time	Time	
X0	0	0	0	0	0	
Delta_X	1	1	1	1	1	
***End_of_Header***						
X_Value	Time (s)	Tank A Level	Tank B Level	Volts to Valve	Setpoint Level	Comment
	0	-0.461463	-0.083307	10	9	
	0.1	-0.460425	-0.084085	10	9	
	0.2	-0.456768	-0.084521	10	9	
	0.3	-0.456697	-0.083869	10	9	
	0.4	-0.456255	-0.084129	10	9	
	0.5	-0.455994	-0.084138	10	9	
	0.6	-0.455518	-0.083557	10	9	
	0.7	-0.455204	-0.08416	10	9	
	0.8	-0.454929	-0.0839	10	9	
	0.9	-0.454781	-0.083807	10	9	
	1	-0.45487	-0.08441	10	9	
	1.1	-0.45487	-0.084265	10	9	
	1.2	-0.455106	-0.084244	10	9	
	1.3	-0.455351	-0.084077	10	9	
	1.4	-0.454909	-0.084483	10	9	
	1.5	-0.455086	-0.084535	10	9	
	1.6	-0.455214	-0.08416	10	9	
	1.7	-0.455224	-0.084171	10	9	
	1.8	-0.454939	-0.084431	10	9	
	1.9	-0.454477	-0.084442	10	9	
	2	-0.454585	-0.084213	10	9	
	2.1	-0.454772	-0.084275	10	9	
	2.2	-0.454162	-0.084671	10	9	
	2.3	-0.45429	-0.084015	10	9	
	2.4	-0.454457	-0.084046	10	9	
	2.5	-0.453966	-0.084473	10	9	
	2.6	-0.454211	-0.084244	10	9	
	2.7	-0.453425	-0.084119	10	9	
	2.8	-0.453003	-0.084442	10	9	
	2.9	-0.453032	-0.08389	10	9	
	3	-0.453366	-0.084056	10	9	
	3.1	-0.45318	-0.084671	10	9	
	3.2	-0.452571	-0.084192	10	9	
	3.3	-0.452964	-0.08414	10	9	
	3.4	-0.45317	-0.084056	10	9	
	3.5	-0.453052	-0.084327	10	9	
	3.6	-0.452934	-0.084421	10	9	
	3.7	-0.452541	-0.084213	10	9	
	3.8	-0.452413	-0.084181	10	9	
	3.9	-0.452767	-0.084442	10	9	
	4	-0.452482	-0.084275	10	9	
	4.1	-0.452374	-0.084088	10	9	
	4.2	-0.452187	-0.084681	10	9	
	4.3	-0.45191	-0.084286	10	9	
	4.4	-0.452463	-0.08414	10	9	
	4.5	-0.452325	-0.084639	10	9	
	4.6	-0.452178	-0.084389	10	9	
	4.7	-0.45207	-0.084275	10	9	
	4.8	-0.451637	-0.08466	10	9	
	4.9	-0.451588	-0.084317	10	9	
	5	-0.451244	-0.084223	10	9	
	5.1	-0.451323	-0.0844	10	9	
	5.2	-0.451244	-0.084462	10	9	
	5.3	-0.450949	-0.084452	10	9	
	5.4	-0.450832	-0.084629	10	9	
	5.5	-0.451097	-0.08441	10	9	
	5.6	-0.451018	-0.084317	10	9	
	5.7	-0.451185	-0.084743	10	9	
	5.8	-0.450763	-0.084847	10	9	
	5.9	-0.450723	-0.084358	10	9	
	6	-0.450596	-0.084546	10	9	
	6.1	-0.450782	-0.084671	10	9	
	6.2	-0.45094	-0.084483	10	9	
	6.3	-0.451077	-0.084483	10	9	
	6.4	-0.450566	-0.054526	10	9	
	6.5	-0.45037	0.055894	0	9	
	6.6	-0.450203	0.075588	0	9	
	6.7	-0.450301	0.074235	0	9	
	6.8	-0.450213	0.031131	0	9	
	6.9	-0.450822	0.009043	0	7	
	7	-0.450722	-0.005963	10	7	
	7.1	-0.450735	0.084514	0	7	
	7.2	-0.450547	0.031964	0	7	
	7.3	-0.449702	0.078628	0	7	
	7.4	-0.449427	0.073621	0	7	
	7.5	-0.449643	0.04841	0	7	
	7.6	-0.44921	0.097801	0	7	
	7.7	-0.449436	0.092389	0	7	
	7.8	-0.449682	0.07233	0	7	
	7.9	-0.449338	0.050554	0	7	
	8	-0.449201	0.003172	0	7	
	8.1	-0.449387	0.039594	0	7	
	8.2	-0.449289	0.057268	0	7	
	8.3	-0.449014	0.025833	0	7	
	8.4	-0.449004	0.092118	0	7	
	8.5	-0.449171	0.137065	0	7	
	8.6	-0.449073	0.056873	0	7	
	8.7	-0.448857	0.064284	0	7	
	8.8	-0.449161	0.076879	0	7	
	8.9	-0.449485	0.042362	0	7	
	9	-0.449289	0.053958	0	7	
	9.1	-0.448925	0.104047	0	7	
	9.2	-0.44867	0.083645	0	7	
	9.3	-0.4481	0.062827	0	7	
	9.4	-0.44808	0.090525	0	7	
	9.5	-0.447972	0.101299	0	7	
	9.6	-0.447746	0.135482	0	7	
	9.7	-0.44809	0.067729	0	7	
	9.8	-0.44809	0.034722	0	7	
	9.9	-0.447963	0.051304	0	7	
	10	-0.447982	0.029018	0	7	
	10.1	-0.447668	0.033754	0	7	
	10.2	-0.447727	0.024792	0	7	
	10.3	-0.447717	0.022137	0	7	
	10.4	-0.447491	0.068593	0	7	
	10.5	-0.44753	0.06698	0	7	
	10.6	-0.447373	0.029674	0	7	
	10.7	-0.447422	0.004515	0	7	
	10.8	-0.447314	0.006326	0	7	
	10.9	-0.447393	0.027186	0	7	
	11	-0.447422	0.024428	0	7	
	11.1	-0.447599	0.002901	0	7	
	11.2	-0.447412	0.005337	6.994663	7	
	11.3	-0.447501	0.02321	6.97679	7	
	11.4	-0.447393	0.008533	6.991467	7	
	11.5	-0.44756	-0.012473	7.012473	7	
	11.6	-0.447579	-0.008268	7.008268	7	
	11.7	-0.447825	0.002433	6.997567	7	
	11.8	-0.448218	-0.021747	7.021747	7	
	11.9	-0.448572	-0.004864	7.004864	7	
	12	-0.448965	0.000455	6.999545	7	
	12.1	-0.449289	-0.014013	7.014013	7	
	12.2	-0.450193	0.09777	6.90223	7	
	12.3	-0.450478	0.05452	6.94548	7	
	12.4	-0.45094	0.052251	6.947749	7	
	12.5	-0.451362	0.109876	6.890124	7	
	12.6	-0.451509	0.076421	6.923579	7	
	12.7	-0.451392	0.079981	6.920019	7	
	12.8	-0.451284	0.079304	6.920696	7	
	12.9	-0.451254	0.084374	6.915626	7	
	13	-0.451048	0.10895	6.89105	7	
	13.1	-0.450989	0.126583	6.873417	7	
	13.2	-0.450488	0.30233	6.69767	7	
	13.3	-0.450163	0.325085	6.674915	7	
	13.4	-0.450036	0.336816	6.663184	7	
	13.5	-0.449259	0.314613	6.685387	7	
	13.6	-0.448395	0.320265	6.679735	7	
	13.7	-0.448483	0.266731	6.733269	7	
	13.8	-0.448021	0.304589	6.695411	7	
	13.9	-0.447481	0.35322	6.64678	7	
	14	-0.447589	0.342822	6.657178	7	
	14.1	-0.448297	0.396814	6.603186	7	
	14.2	-0.448346	0.6107	6.3893	7	
	14.3	-0.448994	0.57456	6.42544	7	
	14.4	-0.449731	0.527126	6.472874	7	
	14.5	-0.449662	0.645706	6.354294	7	
	14.6	-0.4498	0.640294	6.359706	7	
	14.7	-0.449161	0.699834	6.300166	7	
	14.8	-0.449201	0.746477	6.253523	7	
	14.9	-0.44922	0.769596	6.230404	7	
	15	-0.448906	0.709889	6.290111	7	
	15.1	-0.449132	0.783867	6.216133	7	
	15.2	-0.449613	0.865006	6.134994	7	
	15.3	-0.449495	0.895962	6.104038	7	
	15.4	-0.449318	0.891622	6.108378	7	
	15.5	-0.449594	0.914147	6.085853	7	
	15.6	-0.449092	1.007777	5.992223	7	
	15.7	-0.44864	1.019009	5.980991	7	
	15.8	-0.449299	1.072866	5.927134	7	
	15.9	-0.448837	1.107559	5.892441	7	
	16	-0.448464	1.135404	5.864596	7	
	16.1	-0.448886	1.186877	5.813123	7	
	16.2	-0.448778	1.222809	5.777191	7	
	16.3	-0.44867	1.239869	5.760131	7	
	16.4	-0.448483	1.282994	5.717006	7	
	16.5	-0.449092	1.331407	5.668593	7	
	16.6	-0.449024	1.348468	5.651532	7	
	16.7	-0.448768	1.382787	5.617213	7	
	16.8	-0.448503	1.409996	5.590004	7	
	16.9	-0.448975	1.457618	5.542382	7	
	17	-0.448984	1.496892	5.503108	7	
	17.1	-0.448365	1.517762	5.482238	7	
	17.2	-0.448552	1.556015	5.443985	7	
	17.3	-0.448582	1.608082	5.391918	7	
	17.4	-0.448277	1.64213	5.35787	7	
	17.5	-0.447609	1.652872	5.347128	7	
	17.6	-0.447717	1.681372	5.318628	7	
	17.7	-0.448326	1.726912	5.273088	7	
	17.8	-0.447628	1.761596	5.238404	7	
	17.9	-0.44754	1.781706	5.218294	7	
	18	-0.447231	1.807116	5.192884	7	
	18.1	-0.446882	1.85457	5.14543	7	
	18.2	-0.446361	1.904617	5.095383	7	
	18.3	-0.446302	1.917503	5.082497	7	
	18.4	-0.445909	1.928964	5.071036	7	
	18.5	-0.446273	1.973754	5.026246	7	
	18.6	-0.446872	2.000516	4.999484	7	
	18.7	-0.447009	2.019076	4.980924	7	
	18.8	-0.446892	2.058391	4.941609	7	
	18.9	-0.447255	2.099299	4.900701	7	
	19	-0.447245	2.127799	4.872201	7	
	19.1	-0.447059	2.145172	4.854828	7	
	19.2	-0.44697	2.188088	4.811912	7	
	19.3	-0.446941	2.221366	4.778634	7	
	19.4	-0.446312	2.243049	4.756951	7	
	19.5	-0.446125	2.27438	4.72562	7	
	19.6	-0.446243	2.307877	4.692123	7	
	19.7	-0.446135	2.330912	4.669088	7	
	19.8	-0.445752	2.355748	4.644252	7	
	19.9	-0.445467	2.382323	4.617677	7	
	20	-0.445595	2.41076	4.58924	7	
	20.1	-0.445821	2.439469	4.560531	7	
	20.2	-0.445712	2.451783	4.548217	7	
	20.3	-0.446115	2.480668	4.519332	7	
	20.4	-0.446626	2.500935	4.499065	7	
	20.5	-0.44639	2.524251	4.475749	7	
	20.6	-0.446174	2.54789	4.45211	7	
	20.7	-0.446607	2.561183	4.438817	7	
	20.8	-0.446125	2.593295	4.406705	7	
	20.9	-0.445978	2.587424	4.412576	7	
	21	-0.44587	2.615664	4.384336	7	
	21.1	-0.44587	2.638033	4.361967	7	
	21.2	-0.445339	2.64889	4.35111	7	
	21.3	-0.445103	2.671093	4.328907	7	
	21.4	-0.444917	2.703111	4.296889	7	
	21.5	-0.444543	2.701664	4.298336	7	
	21.6	-0.444691	2.752908	4.247092	7	
	21.7	-0.444337	2.77128	4.22872	7	
	21.8	-0.444317	2.804704	4.195296	7	
	21.9	-0.444425	2.83742	4.16258	7	
	22	-0.444573	2.856791	4.143209	7	
	22.1	-0.444248	2.872374	4.127626	7	
	22.2	-0.44417	2.89009	4.10991	7	
	22.3	-0.444003	2.93079	4.06921	7	
	22.4	-0.443865	2.959654	4.040346	7	
	22.5	-0.444199	2.987811	4.012189	7	
	22.6	-0.44416	3.007797	3.992203	7	
	22.7	-0.444435	3.034329	3.965671	7	
	22.8	-0.444691	3.057604	3.942396	7	
	22.9	-0.444691	3.077746	3.922254	7	
	23	-0.44474	3.103248	3.896752	7	
	23.1	-0.444789	3.113564	3.886436	7	
	23.2	-0.444533	3.147799	3.852201	7	
	23.3	-0.444632	3.171522	3.828478	7	
	23.4	-0.444926	3.196077	3.803923	7	
	23.5	-0.444877	3.222214	3.777786	7	
	23.6	-0.444946	3.248122	3.751878	7	
	23.7	-0.445172	3.275144	3.724856	7	
	23.8	-0.445074	3.308849	3.691151	7	
	23.9	-0.44473	3.328314	3.671686	7	
	24	-0.445005	3.350881	3.649119	7	
	24.1	-0.44471	3.357803	3.642197	7	
	24.2	-0.444533	3.38647	3.61353	7	
	24.3	-0.44475	3.409308	3.590692	7	
	24.4	-0.444632	3.418093	3.581907	7	
	24.5	-0.444524	3.439026	3.560974	7	
	24.6	-0.44474	3.470055	3.529945	7	
	24.7	-0.444307	3.492768	3.507232	7	
	24.8	-0.44414	3.514284	3.485716	7	
	24.9	-0.444131	3.532791	3.467209	7	
	25	-0.444229	3.557679	3.442321	7	
	25.1	-0.444563	3.57627	3.42373	7	
	25.2	-0.444533	3.598483	3.401517	7	
	25.3	-0.443944	3.61672	3.38328	7	
	25.4	-0.44417	3.638412	3.361588	7	
	25.5	-0.44473	3.660855	3.339145	7	
	25.6	-0.444594	3.687722	3.312278	7	
	25.7	-0.444789	3.702996	3.297004	7	
	25.8	-0.444926	3.718115	3.281885	7	
	25.9	-0.444239	3.743846	3.256154	7	
	26	-0.444327	3.767881	3.232119	7	
	26.1	-0.444353	3.785701	3.214299	7	
	26.2	-0.443913	3.804109	3.195891	7	
	26.3	-0.443521	3.820707	3.179293	7	
	26.4	-0.443158	3.834552	3.165448	7	
	26.5	-0.443364	3.85181	3.14819	7	
	26.6	-0.443158	3.876875	3.123125	7	
	26.7	-0.44302	3.894581	3.105419	7	
	26.8	-0.443119	3.916378	3.083622	7	
	26.9	-0.442991	3.929077	3.070923	7	
	27	-0.443394	3.946762	3.053238	7	
	27.1	-0.442755	3.961866	3.038134	7	
	27.2	-0.442598	3.979332	3.020668	7	
	27.3	-0.442696	3.994956	3.005044	7	
	27.4	-0.442362	4.00854	2.99146	7	
	27.5	-0.442411	4.023852	2.976148	7	
	27.6	-0.442264	4.048574	2.951426	7	
	27.7	-0.442224	4.061335	2.938665	7	
	27.8	-0.442627	4.080342	2.919658	7	
	27.9	-0.442814	4.102691	2.897309	7	
	28	-0.443158	4.107552	2.892448	7	
	28.1	-0.442961	4.128047	2.871953	7	
	28.2	-0.442804	4.137832	2.862168	7	
	28.3	-0.442824	4.157838	2.842162	7	
	28.4	-0.442559	4.169757	2.830243	7	
	28.5	-0.442755	4.179729	2.820271	7	
	28.6	-0.442971	4.204835	2.795165	7	
	28.7	-0.442971	4.211279	2.788721	7	
	28.8	-0.442568	4.225789	2.774211	7	
	28.9	-0.443256	4.239571	2.760429	7	
	29	-0.443178	4.251728	2.748272	7	
	29.1	-0.443207	4.271724	2.728276	7	
	29.2	-0.442991	4.286026	2.713974	7	
	29.3	-0.442755	4.286942	2.713058	7	
	29.4	-0.442932	4.308292	2.691708	7	
	29.5	-0.442853	4.323562	2.676438	7	
	29.6	-0.443384	4.338655	2.661345	7	
	29.7	-0.443462	4.345806	2.654194	7	
	29.8	-0.443443	4.357142	2.642858	7	
	29.9	-0.443109	4.370528	2.629472	7	
	30	-0.442942	4.382259	2.617741	7	
	30.1	-0.442893	4.398445	2.601555	7	
	30.2	-0.442804	4.414902	2.585098	7	
	30.3	-0.442804	4.420044	2.579956	7	
	30.4	-0.442785	4.439561	2.560439	7	
	30.5	-0.44306	4.452708	2.547292	7	
	30.6	-0.442922	4.463741	2.536259	7	
	30.7	-0.443001	4.477544	2.522456	7	
	30.8	-0.443227	4.485569	2.514431	7	
	30.9	-0.443688	4.490743	2.509257	7	
	31	-0.443728	4.500038	2.499962	7	
	31.1	-0.443846	4.512893	2.487107	7	
	31.2	-0.443669	4.5179	2.4821	7	
	31.3	-0.443335	4.534909	2.465091	7	
	31.4	-0.443964	4.542133	2.457867	7	
	31.5	-0.44474	4.553374	2.446626	7	
	31.6	-0.444553	4.566677	2.433323	7	
	31.7	-0.44473	4.575723	2.424277	7	
	31.8	-0.444926	4.584279	2.415721	7	
	31.9	-0.444445	4.592794	2.407206	7	
	32	-0.444632	4.603526	2.396474	7	
	32.1	-0.444288	4.607585	2.392415	7	
	32.2	-0.444209	4.622043	2.377957	7	
	32.3	-0.444101	4.627779	2.372221	7	
	32.4	-0.444553	4.640228	2.359772	7	
	32.5	-0.4447	4.652251	2.347749	7	
	32.6	-0.444533	4.661213	2.338787	7	
	32.7	-0.444651	4.664565	2.335435	7	
	32.8	-0.444455	4.671164	2.328836	7	
	32.9	-0.444671	4.687257	2.312743	7	
	33	-0.444809	4.689599	2.310401	7	
	33.1	-0.4447	4.697176	2.302824	7	
	33.2	-0.444877	4.709543	2.290457	7	
	33.3	-0.444838	4.719171	2.280829	7	
	33.4	-0.445084	4.730819	2.269181	7	
	33.5	-0.445673	4.738386	2.261614	7	
	33.6	-0.445654	4.747411	2.252589	7	
	33.7	-0.445978	4.74994	2.25006	7	
	33.8	-0.446499	4.760391	2.239609	7	
	33.9	-0.446508	4.763722	2.236278	7	
	34	-0.446783	4.773278	2.226722	7	
	34.1	-0.446941	4.780314	2.219686	7	
	34.2	-0.446734	4.787934	2.212066	7	
	34.3	-0.446626	4.796136	2.203864	7	
	34.4	-0.446774	4.802142	2.197858	7	
	34.5	-0.446715	4.809023	2.190977	7	
	34.6	-0.447039	4.816985	2.183015	7	
	34.7	-0.446715	4.823377	2.176623	7	
	34.8	-0.44695	4.829414	2.170586	7	
	34.9	-0.446774	4.835503	2.164497	7	
	35	-0.447118	4.841582	2.158418	7	
	35.1	-0.446931	4.848837	2.151163	7	
	35.2	-0.44695	4.854614	2.145386	7	
	35.3	-0.446459	4.859954	2.140046	7	
	35.4	-0.44641	4.866137	2.133863	7	
	35.5	-0.44605	4.872929	2.127071	7	
	35.6	-0.445997	4.879086	2.120914	7	
	35.7	-0.445644	4.884062	2.115938	7	
	35.8	-0.445958	4.891057	2.108943	7	
	35.9	-0.446007	4.898884	2.101116	7	
	36	-0.446086	4.903777	2.096223	7	
	36.1	-0.446538	4.908825	2.091175	7	
	36.2	-0.446901	4.916268	2.083732	7	
	36.3	-0.446548	4.91836	2.08164	7	
	36.4	-0.446548	4.921868	2.078132	7	
	36.5	-0.446282	4.930174	2.069826	7	
	36.6	-0.445595	4.93591	2.06409	7	
	36.7	-0.445654	4.938283	2.061717	7	
	36.8	-0.446027	4.937731	2.062269	7	
	36.9	-0.445948	4.946839	2.053161	7	
	37	-0.446263	4.951846	2.048154	7	
	37.1	-0.44639	4.958914	2.041086	7	
	37.2	-0.446302	4.963348	2.036652	7	
	37.3	-0.446037	4.965753	2.034247	7	
	37.4	-0.446037	4.974444	2.025556	7	
	37.5	-0.446302	4.979815	2.020185	7	
	37.6	-0.446194	4.979035	2.020965	7	
	37.7	-0.446155	4.98985	2.01015	7	
	37.8	-0.446282	4.994336	2.005664	7	
	37.9	-0.446695	4.99774	2.00226	7	
	38	-0.446823	5.001924	1.998076	7	
	38.1	-0.446813	5.011959	1.988041	7	
	38.2	-0.446184	5.007587	1.992413	7	
	38.3	-0.446341	5.016768	1.983232	7	
	38.4	-0.446744	5.020963	1.979037	7	
	38.5	-0.446754	5.025917	1.974083	7	
	38.6	-0.447019	5.028655	1.971345	7	
	38.7	-0.447687	5.034547	1.965453	7	
	38.8	-0.447432	5.040469	1.959531	7	
	38.9	-0.447992	5.045164	1.954836	7	
	39	-0.447933	5.048391	1.951609	7	
	39.1	-0.447717	5.052461	1.947539	7	
	39.2	-0.448247	5.058227	1.941773	7	
	39.3	-0.447874	5.06161	1.93839	7	
	39.4	-0.447727	5.066097	1.933903	7	
	39.5	-0.447481	5.067773	1.932227	7	
	39.6	-0.447609	5.076256	1.923744	7	
	39.7	-0.447737	5.078848	1.921152	7	
	39.8	-0.448071	5.085343	1.914657	7	
	39.9	-0.448139	5.084791	1.915209	7	
	40	-0.4481	5.088799	1.911201	7	
	40.1	-0.448336	5.091099	1.908901	7	
	40.2	-0.448218	5.097824	1.902176	7	
	40.3	-0.448061	5.099958	1.900042	7	
	40.4	-0.448159	5.105006	1.894994	7	
	40.5	-0.448375	5.110481	1.889519	7	
	40.6	-0.448709	5.117112	1.882888	7	
	40.7	-0.448699	5.111938	1.888062	7	
	40.8	-0.449309	5.117913	1.882087	7	
	40.9	-0.449898	5.122014	1.877986	7	
	41	-0.449338	5.128551	1.871449	7	
	41.1	-0.44922	5.133454	1.866546	7	
	41.2	-0.449407	5.133319	1.866681	7	
	41.3	-0.449024	5.137701	1.862299	7	
	41.4	-0.448965	5.138648	1.861352	7	
	41.5	-0.448876	5.142552	1.857448	7	
	41.6	-0.44865	5.141781	1.858219	7	
	41.7	-0.448886	5.147819	1.852181	7	
	41.8	-0.449151	5.142375	1.857625	7	
	41.9	-0.449436	5.144738	1.855262	7	
	42	-0.449289	5.148527	1.851473	7	
	42.1	-0.449338	5.145872	1.854128	7	
	42.2	-0.449328	5.149349	1.850651	7	
	42.3	-0.449859	5.151181	1.848819	7	
	42.4	-0.449652	5.151868	1.848132	7	
	42.5	-0.449672	5.154762	1.845238	7	
	42.6	-0.44979	5.154845	1.845155	7	
	42.7	-0.450026	5.154199	1.845801	7	
	42.8	-0.449721	5.155521	1.844479	7	
	42.9	-0.44978	5.158124	1.841876	7	
	43	-0.449869	5.160289	1.839711	7	
	43.1	-0.44977	5.160476	1.839524	7	
	43.2	-0.449643	5.163287	1.836713	7	
	43.3	-0.45038	5.162516	1.837484	7	
	43.4	-0.450124	5.164088	1.835912	7	
	43.5	-0.450753	5.16947	1.83053	7	
	43.6	-0.450773	5.168023	1.831977	7	
	43.7	-0.451352	5.168522	1.831478	7	
	43.8	-0.451136	5.172114	1.827886	7	
	43.9	-0.451205	5.171593	1.828407	7	
	44	-0.451657	5.17329	1.82671	7	
	44.1	-0.45202	5.174237	1.825763	7	
	44.2	-0.451785	5.176746	1.823254	7	
	44.3	-0.451568	5.177235	1.822765	7	
	44.4	-0.451549	5.178786	1.821214	7	
	44.5	-0.451441	5.181492	1.818508	7	
	44.6	-0.4515	5.18068	1.81932	7	
	44.7	-0.451971	5.182387	1.817613	7	
	44.8	-0.451961	5.184657	1.815343	7	
	44.9	-0.451539	5.184917	1.815083	7	
	45	-0.45148	5.18677	1.81323	7	
	45.1	-0.451578	5.189528	1.810472	7	
	45.2	-0.451608	5.188206	1.811794	7	
	45.3	-0.451873	5.189632	1.810368	7	
	45.4	-0.45207	5.188674	1.811326	7	
	45.5	-0.452138	5.187779	1.812221	7	
	45.6	-0.451922	5.191194	1.808806	7	
	45.7	-0.452296	5.193265	1.806735	7	
	45.8	-0.452669	5.194608	1.805392	7	
	45.9	-0.452669	5.194368	1.805632	7	
	46	-0.452865	5.197148	1.802852	7	
	46.1	-0.453023	5.196762	1.803238	7	
	46.2	-0.452698	5.195513	1.804487	7	
	46.3	-0.45259	5.199261	1.800739	7	
	46.4	-0.452522	5.200926	1.799074	7	
	46.5	-0.452347	5.198921	1.801079	7	
	46.6	-0.452233	5.200164	1.799836	7	
	46.7	-0.452266	5.201603	1.798397	7	
	46.8	-0.452318	5.20393	1.79607	7	
	46.9	-0.452322	5.205169	1.794831	7	
	47	-0.451696	5.206006	1.793994	7	
	47.1	-0.45188	5.20527	1.79473	7	
	47.2	-0.45206	5.204007	1.795993	7	
	47.3	-0.452099	5.207963	1.792037	7	
	47.4	-0.452187	5.205985	1.794015	7	
	47.5	-0.452541	5.206641	1.793359	7	
	47.6	-0.452472	5.21349	1.78651	7	
	47.7	-0.452728	5.212334	1.787666	7	
	47.8	-0.452964	5.210024	1.789976	7	
	47.9	-0.453268	5.21272	1.78728	7	
	48	-0.453131	5.210877	1.789123	7	
	48.1	-0.452846	5.213781	1.786219	7	
	48.2	-0.452777	5.2168	1.7832	7	
	48.3	-0.453052	5.217778	1.782222	7	
	48.4	-0.452472	5.216436	1.783564	7	
	48.5	-0.452394	5.217435	1.782565	7	
	48.6	-0.452954	5.219621	1.780379	7	
	48.7	-0.45259	5.222192	1.777808	7	
	48.8	-0.452826	5.221973	1.778027	7	
	48.9	-0.452718	5.221828	1.778172	7	
	49	-0.452895	5.219652	1.780348	7	
	49.1	-0.452885	5.224305	1.775695	7	
	49.2	-0.452423	5.224492	1.775508	7	
	49.3	-0.452492	5.225804	1.774196	7	
	49.4	-0.452649	5.225981	1.774019	7	
	49.5	-0.452826	5.22773	1.77227	7	
	49.6	-0.45317	5.228593	1.771407	7	
	49.7	-0.453052	5.228708	1.771292	7	
	49.8	-0.452846	5.229749	1.770251	7	
	49.9	-0.452806	5.231237	1.768763	7	
	50	-0.452767	5.231383	1.768617	7	
	50.1	-0.452915	5.231154	1.768846	7	
	50.2	-0.452689	5.22927	1.77073	7	
	50.3	-0.452836	5.231144	1.768856	7	
	50.4	-0.453308	5.235776	1.764224	7	
	50.5	-0.452983	5.233777	1.766223	7	
	50.6	-0.452964	5.235807	1.764193	7	
	50.7	-0.452905	5.236785	1.763215	7	
	50.8	-0.452777	5.236671	1.763329	7	
	50.9	-0.452482	5.237191	1.762809	7	
	51	-0.452325	5.237077	1.762923	7	
	51.1	-0.452571	5.237639	1.762361	7	
	51.2	-0.452266	5.238003	1.761997	7	
	51.3	-0.451981	5.238534	1.761466	7	
	51.4	-0.452178	5.239086	1.760914	7	
	51.5	-0.452148	5.241876	1.758124	7	
	51.6	-0.452246	5.241865	1.758135	7	
	51.7	-0.452099	5.2425	1.7575	7	
	51.8	-0.452522	5.241542	1.758458	7	
	51.9	-0.452806	5.245758	1.754242	7	
	52	-0.452777	5.246122	1.753878	7	
	52.1	-0.452738	5.247038	1.752962	7	
	52.2	-0.45258	5.246018	1.753982	7	
	52.3	-0.452354	5.245998	1.754002	7	
	52.4	-0.452669	5.24783	1.75217	7	
	52.5	-0.452767	5.247007	1.752993	7	
	52.6	-0.452639	5.247507	1.752493	7	
	52.7	-0.452099	5.24912	1.75088	7	
	52.8	-0.452286	5.249797	1.750203	7	
	52.9	-0.452512	5.247486	1.752514	7	
	53	-0.452719	5.247279	1.752721	7	
	53.1	-0.452826	5.250411	1.749589	7	
	53.2	-0.452266	5.252108	1.747892	7	
	53.3	-0.452423	5.253378	1.746622	7	
	53.4	-0.452561	5.25445	1.74555	7	
	53.5	-0.452079	5.252534	1.747466	7	
	53.6	-0.45204	5.252982	1.747018	7	
	53.7	-0.452099	5.253492	1.746508	7	
	53.8	-0.452168	5.254221	1.745779	7	
	53.9	-0.452394	5.256292	1.743708	7	
	54	-0.452168	5.256459	1.743541	7	
	54.1	-0.452443	5.256126	1.743874	7	
	54.2	-0.452227	5.257958	1.742042	7	
	54.3	-0.452482	5.256521	1.743479	7	
	54.4	-0.452286	5.255439	1.744561	7	
	54.5	-0.452207	5.257187	1.742813	7	
	54.6	-0.452197	5.257572	1.742428	7	
	54.7	-0.45262	5.2575	1.7425	7	
	54.8	-0.452187	5.25852	1.74148	7	
	54.9	-0.45263	5.257874	1.742126	7	
	55	-0.452738	5.259321	1.740679	7	
	55.1	-0.452944	5.257156	1.742844	7	
	55.2	-0.45317	5.260883	1.739117	7	
	55.3	-0.452836	5.260445	1.739555	7	
	55.4	-0.452463	5.259779	1.740221	7	
	55.5	-0.452689	5.262236	1.737764	7	
	55.6	-0.452797	5.262132	1.737868	7	
	55.7	-0.452816	5.261008	1.738992	7	
	55.8	-0.452983	5.263495	1.736505	7	
	55.9	-0.453219	5.262236	1.737764	7	
	56	-0.452826	5.263641	1.736359	7	
	56.1	-0.453052	5.260425	1.739575	7	
	56.2	-0.452816	5.263443	1.736557	7	
	56.3	-0.452728	5.264744	1.735256	7	
	56.4	-0.453052	5.264161	1.735839	7	
	56.5	-0.453131	5.266222	1.733778	7	
	56.6	-0.452679	5.266587	1.733413	7	
	56.7	-0.453219	5.268575	1.731425	7	
	56.8	-0.453308	5.267898	1.732102	7	
	56.9	-0.453278	5.266212	1.733788	7	
	57	-0.453504	5.264286	1.735714	7	
	57.1	-0.453769	5.26514	1.73486	7	
	57.2	-0.45374	5.268127	1.731873	7	
	57.3	-0.453956	5.266264	1.733736	7	
	57.4	-0.454005	5.267274	1.732726	7	
	57.5	-0.453877	5.265671	1.734329	7	
	57.6	-0.453691	5.265494	1.734506	7	
	57.7	-0.454064	5.264994	1.735006	7	
	57.8	-0.454211	5.268002	1.731998	7	
	57.9	-0.453868	5.266514	1.733486	7	
	58	-0.454369	5.267253	1.732747	7	
	58.1	-0.45428	5.268533	1.731467	7	
	58.2	-0.454801	5.267888	1.732112	7	
	58.3	-0.454948	5.268481	1.731519	7	
	58.4	-0.455047	5.268221	1.731779	7	
	58.5	-0.454919	5.269626	1.730374	7	
	58.6	-0.454939	5.268856	1.731144	7	
	58.7	-0.454958	5.269814	1.730186	7	
	58.8	-0.45541	5.268991	1.731009	7	
	58.9	-0.455558	5.269918	1.730082	7	
	59	-0.455381	5.269876	1.730124	7	
	59.1	-0.455174	5.270969	1.729031	7	
	59.2	-0.455705	5.271666	1.728334	7	
	59.3	-0.455469	5.270168	1.729832	7	
	59.4	-0.455184	5.270782	1.729218	7	
	59.5	-0.454948	5.269376	1.730624	7	
	59.6	-0.454889	5.266837	1.733163	7	
	59.7	-0.455155	5.268617	1.731383	7	
	59.8	-0.455361	5.270303	1.729697	7	
	59.9	-0.456029	5.271489	1.728511	7	
	60	-0.456108	5.272582	1.727418	7	
	60.1	-0.456304	5.271791	1.728209	7	
	60.2	-0.456403	5.270646	1.729354	7	
	60.3	-0.455892	5.270719	1.729281	7	
	60.4	-0.45599	5.273186	1.726814	7	
	60.5	-0.456491	5.273436	1.726564	7	
	60.6	-0.456579	5.274695	1.725305	7	
	60.7	-0.456393	5.2748	1.7252	7	
	60.8	-0.456776	5.270511	1.729489	7	
	60.9	-0.45711	5.271188	1.728812	7	
	61	-0.456972	5.274571	1.725429	7	
	61.1	-0.456904	5.273727	1.726273	7	
	61.2	-0.456864	5.273405	1.726595	7	
	61.3	-0.457061	5.275247	1.724753	7	
	61.4	-0.457984	5.273207	1.726793	7	
	61.5	-0.458093	5.272666	1.727334	7	
	61.6	-0.457768	5.270553	1.729447	7	
	61.7	-0.45765	5.270501	1.729499	7	
	61.8	-0.457965	5.271125	1.728875	7	
	61.9	-0.458299	5.270365	1.729635	7	
	62	-0.45826	5.272437	1.727563	7	
	62.1	-0.458043	5.272489	1.727511	7	
	62.2	-0.458377	5.272405	1.727595	7	
	62.3	-0.458505	5.27227	1.72773	7	
	62.4	-0.458358	5.273769	1.726231	7	
	62.5	-0.458377	5.273415	1.726585	7	
	62.6	-0.458289	5.273217	1.726783	7	
	62.7	-0.458299	5.273686	1.726314	7	
	62.8	-0.457926	5.274071	1.725929	7	
	62.9	-0.45824	5.274664	1.725336	7	
	63	-0.458495	5.276444	1.723556	7	
	63.1	-0.458829	5.275445	1.724555	7	
	63.2	-0.458977	5.272739	1.727261	7	
	63.3	-0.45934	5.272666	1.727334	7	
	63.4	-0.459851	5.271375	1.728625	7	
	63.5	-0.4599	5.272197	1.727803	7	
	63.6	-0.460441	5.273155	1.726845	7	
	63.7	-0.460303	5.271292	1.728708	7	
	63.8	-0.459714	5.273061	1.726939	7	
	63.9	-0.460215	5.272624	1.727376	7	
	64	-0.460431	5.270959	1.729041	7	
	64.1	-0.46049	5.273498	1.726502	7	
	64.2	-0.460647	5.27227	1.72773	7	
	64.3	-0.460775	5.27023	1.72977	7	
	64.4	-0.461168	5.269491	1.730509	7	
	64.5	-0.460922	5.27328	1.72672	7	
	64.6	-0.460726	5.273332	1.726668	7	
	64.7	-0.460863	5.275029	1.724971	7	
	64.8	-0.460824	5.274394	1.725606	7	
	64.9	-0.461237	5.273811	1.726189	7	
	65	-0.461384	5.273176	1.726824	7	
	65.1	-0.460883	5.275029	1.724971	7	
	65.2	-0.460952	5.275112	1.724888	7	
	65.3	-0.461109	5.274071	1.725929	7	
	65.4	-0.461079	5.275445	1.724555	7	
	65.5	-0.460834	5.275133	1.724867	7	
	65.6	-0.460588	5.275185	1.724815	7	
	65.7	-0.460795	5.275924	1.724076	7	
	65.8	-0.460952	5.274487	1.725513	7	
	65.9	-0.460952	5.27075	1.72925	7	
	66	-0.460785	5.273363	1.726637	7	
	66.1	-0.460637	5.2743	1.7257	7	
	66.2	-0.460804	5.27328	1.72672	7	
	66.3	-0.460824	5.272072	1.727928	7	
	66.4	-0.461276	5.274737	1.725263	7	
	66.5	-0.460814	5.272489	1.727511	7	
	66.6	-0.460834	5.273582	1.726418	7	
	66.7	-0.460382	5.27355	1.72645	7	
	66.8	-0.460441	5.273634	1.726366	7	
	66.9	-0.460616	5.275691	1.724309	7	
	67	-0.460292	5.273123	1.726877	7	
	67.1	-0.460058	5.271927	1.728073	7	
	67.2	-0.460313	5.272301	1.727699	7	
	67.3	-0.460775	5.271469	1.728531	7	
	67.4	-0.461453	5.27202	1.72798	7	
	67.5	-0.461708	5.274487	1.725513	7	
	67.6	-0.462367	5.273821	1.726179	7	
	67.7	-0.462347	5.27429	1.72571	7	
	67.8	-0.462209	5.27277	1.72723	7	
	67.9	-0.46263	5.270332	1.729668	7	
	68	-0.462789	5.278755	1.721245	7	
	68.1	-0.46271	5.273103	1.726897	7	
	68.2	-0.46308	5.271893	1.728107	7	
	68.3	-0.463029	5.272249	1.727751	7	
	68.4	-0.463025	5.251598	1.748402	7	
	68.5	-0.463575	5.227521	1.772479	7	
	68.6	-0.464007	5.217279	1.782721	7	
	68.7	-0.464135	5.230509	1.769491	7	
	68.8	-0.463939	5.211637	1.788363	7	
	68.9	-0.464135	5.20408	1.79592	7	
	69	-0.464292	5.199385	1.800615	7	
	69.1	-0.464636	5.187415	1.812585	7	
	69.2	-0.464509	5.177058	1.822942	7	
	69.3	-0.464017	5.166482	1.833518	7	
	69.4	-0.464676	5.157322	1.842678	7	
	69.5	-0.465088	5.148724	1.851276	7	
	69.6	-0.465992	5.140158	1.859842	7	
	69.7	-0.466985	5.129676	1.870324	7	
	69.8	-0.466965	5.120484	1.879516	7	
	69.9	-0.466798	5.113104	1.886896	7	
	70	-0.467083	5.106078	1.893922	7	
	70.1	-0.467181	5.096356	1.903644	7	
	70.2	-0.467417	5.087602	1.912398	7	
	70.3	-0.467387	5.079847	1.920153	7	
	70.4	-0.467004	5.069709	1.930291	7	
	70.5	-0.467209	5.062143	1.937857	7	
	70.6	-0.467034	5.053231	1.946769	7	
	70.7	-0.466994	5.04074	1.95926	7	
	70.8	-0.466837	5.035806	1.964194	7	
	70.9	-0.466935	5.029311	1.970689	7	
	71	-0.467476	5.020525	1.979475	7	
	71.1	-0.46725	5.009606	1.990394	7	
	71.2	-0.467279	5.004974	1.995026	7	
	71.3	-0.467771	4.997646	2.002354	7	
	71.4	-0.467358	4.988164	2.011836	7	
	71.5	-0.467112	4.98018	2.01982	7	
	71.6	-0.467466	4.972633	2.027367	7	
	71.7	-0.467476	4.96314	2.03686	7	
	71.8	-0.467623	4.95551	2.04449	7	
	71.9	-0.467387	4.948245	2.051755	7	
	72	-0.46781	4.941177	2.058823	7	
	72.1	-0.467456	4.933682	2.066318	7	
	72.2	-0.467888	4.925251	2.074749	7	
	72.3	-0.467721	4.917246	2.082754	7	
	72.4	-0.467545	4.911865	2.088135	7	
	72.5	-0.467849	4.906265	2.093735	7	
	72.6	-0.467849	4.897979	2.102021	7	
	72.7	-0.467505	4.890921	2.109079	7	
	72.8	-0.467623	4.884936	2.115064	7	
	72.9	-0.46779	4.875016	2.124984	7	
	73	-0.467328	4.866772	2.133228	7	
	73.1	-0.467034	4.865076	2.134924	7	
	73.2	-0.467191	4.854521	2.145479	7	
	73.3	-0.466503	4.847765	2.152235	7	
	73.4	-0.466425	4.84026	2.15974	7	
	73.5	-0.46669	4.83771	2.16229	7	
	73.6	-0.467112	4.826499	2.173501	7	
	73.7	-0.467102	4.819286	2.180714	7	
	73.8	-0.467771	4.812822	2.187178	7	
	73.9	-0.468458	4.804796	2.195204	7	
	74	-0.468969	4.797604	2.202396	7	
	74.1	-0.46892	4.791608	2.208392	7	
	74.2	-0.468763	4.781189	2.218811	7	
	74.3	-0.468537	4.777504	2.222496	7	
	74.4	-0.467849	4.773132	2.226868	7	
	74.5	-0.468046	4.766938	2.233062	7	
	74.6	-0.467653	4.762941	2.237059	7	
	74.7	-0.468026	4.752574	2.247426	7	
	74.8	-0.468232	4.748774	2.251226	7	
	74.9	-0.468498	4.740978	2.259022	7	
	75	-0.468527	4.736138	2.263862	7	
	75.1	-0.468272	4.730048	2.269952	7	
	75.2	-0.468635	4.718713	2.281287	7	
	75.3	-0.468645	4.715476	2.284524	7	
	75.4	-0.468586	4.707721	2.292279	7	
	75.5	-0.468596	4.704931	2.295069	7	
	75.6	-0.46837	4.70082	2.29918	7	
	75.7	-0.468331	4.696417	2.303583	7	
	75.8	-0.468006	4.692295	2.307705	7	
	75.9	-0.468134	4.685352	2.314648	7	
	76	-0.468252	4.678627	2.321373	7	
	76.1	-0.468979	4.673194	2.326806	7	
	76.2	-0.469009	4.665023	2.334977	7	
	76.3	-0.469136	4.660422	2.339578	7	
	76.4	-0.469097	4.656758	2.343242	7	
	76.5	-0.469343	4.648025	2.351975	7	
	76.6	-0.469303	4.64283	2.35717	7	
	76.7	-0.468724	4.637449	2.362551	7	
	76.8	-0.468891	4.637282	2.362718	7	
	76.9	-0.468901	4.632421	2.367579	7	
	77	-0.468606	4.623459	2.376541	7	
	77.1	-0.468665	4.618307	2.381693	7	
	77.2	-0.468478	4.614153	2.385847	7	
	77.3	-0.468498	4.604795	2.395205	7	
	77.4	-0.468065	4.603224	2.396776	7	
	77.5	-0.467741	4.599966	2.400034	7	
	77.6	-0.467594	4.597707	2.402293	7	
	77.7	-0.467495	4.589817	2.410183	7	
	77.8	-0.467466	4.588328	2.411672	7	
	77.9	-0.46726	4.578481	2.421519	7	
	78	-0.467407	4.573214	2.426786	7	
	78.1	-0.467387	4.572257	2.427743	7	
	78.2	-0.467397	4.568062	2.431938	7	
	78.3	-0.467613	4.563117	2.436883	7	
	78.4	-0.467633	4.560276	2.439724	7	
	78.5	-0.467947	4.556393	2.443607	7	
	78.6	-0.46782	4.54588	2.45412	7	
	78.7	-0.468036	4.541529	2.458471	7	
	78.8	-0.468429	4.541217	2.458783	7	
	78.9	-0.468665	4.528726	2.471274	7	
	79	-0.469195	4.534596	2.465404	7	
	79.1	-0.469009	4.527549	2.472451	7	
	79.2	-0.469549	4.524354	2.475646	7	
	79.3	-0.469952	4.521637	2.478363	7	
	79.4	-0.470178	4.516203	2.483797	7	
	79.5	-0.470296	4.513976	2.486024	7	
	79.6	-0.470453	4.507793	2.492207	7	
	79.7	-0.470649	4.503952	2.496048	7	
	79.8	-0.471052	4.498872	2.501128	7	
	79.9	-0.471612	4.496863	2.503137	7	
	80	-0.471652	4.494532	2.505468	7	
	80.1	-0.471809	4.486288	2.513712	7	
	80.2	-0.471701	4.479563	2.520437	7	
	80.3	-0.471573	4.480906	2.519094	7	
	80.4	-0.471249	4.480604	2.519396	7	
	80.5	-0.471406	4.479792	2.520208	7	
	80.6	-0.471603	4.475639	2.524361	7	
	80.7	-0.471377	4.474931	2.525069	7	
	80.8	-0.471573	4.474858	2.525142	7	
	80.9	-0.471593	4.469414	2.530586	7	
	81	-0.471406	4.465365	2.534635	7	
	81.1	-0.471681	4.462982	2.537018	7	
	81.2	-0.471966	4.459869	2.540131	7	
	81.3	-0.471475	4.454269	2.545731	7	
	81.4	-0.471013	4.450397	2.549603	7	
	81.5	-0.471023	4.449585	2.550415	7	
	81.6	-0.471209	4.444276	2.555724	7	
	81.7	-0.471101	4.438968	2.561032	7	
	81.8	-0.471288	4.436084	2.563916	7	
	81.9	-0.470905	4.433701	2.566299	7	
	82	-0.470836	4.430359	2.569641	7	
	82.1	-0.470443	4.430349	2.569651	7	
	82.2	-0.470129	4.427965	2.572035	7	
	82.3	-0.470423	4.424405	2.575595	7	
	82.4	-0.470679	4.421449	2.578551	7	
	82.5	-0.470758	4.418493	2.581507	7	
	82.6	-0.471042	4.41562	2.58438	7	
	82.7	-0.471465	4.410821	2.589179	7	
	82.8	-0.471249	4.407449	2.592551	7	
	82.9	-0.471082	4.404847	2.595153	7	
	83	-0.471072	4.403514	2.596486	7	
	83.1	-0.471121	4.40239	2.59761	7	
	83.2	-0.470875	4.398164	2.601836	7	
	83.3	-0.47116	4.39756	2.60244	7	
	83.4	-0.471406	4.394458	2.605542	7	
	83.5	-0.471278	4.391585	2.608415	7	
	83.6	-0.471377	4.387963	2.612037	7	
	83.7	-0.471711	4.385985	2.614015	7	
	83.8	-0.471986	4.380802	2.619198	7	
	83.9	-0.472104	4.378335	2.621665	7	
	84	-0.472713	4.376711	2.623289	7	
	84.1	-0.472693	4.377523	2.622477	7	
	84.2	-0.472644	4.372662	2.627338	7	
	84.3	-0.473057	4.37439	2.62561	7	
	84.4	-0.472664	4.370684	2.629316	7	
	84.5	-0.472565	4.365084	2.634916	7	
	84.6	-0.472585	4.36346	2.63654	7	
	84.7	-0.472615	4.361836	2.638164	7	
	84.8	-0.472251	4.3599	2.6401	7	
	84.9	-0.472045	4.357173	2.642827	7	
	85	-0.47177	4.359036	2.640964	7	
	85.1	-0.471455	4.352281	2.647719	7	
	85.2	-0.471141	4.351802	2.648198	7	
	85.3	-0.470993	4.343183	2.656817	7	
	85.4	-0.471042	4.345473	2.654527	7	
	85.5	-0.471101	4.345161	2.654839	7	
	85.6	-0.471337	4.341309	2.658691	7	
	85.7	-0.471514	4.341153	2.658847	7	
	85.8	-0.472025	4.337656	2.662344	7	
	85.9	-0.472359	4.336677	2.663323	7	
	86	-0.472742	4.332045	2.667955	7	
	86.1	-0.472782	4.328506	2.671494	7	
	86.2	-0.472958	4.331868	2.668132	7	
	86.3	-0.472978	4.329443	2.670557	7	
	86.4	-0.472998	4.322625	2.677375	7	
	86.5	-0.473509	4.325019	2.674981	7	
	86.6	-0.473489	4.318576	2.681424	7	
	86.7	-0.472752	4.317795	2.682205	7	
	86.8	-0.472418	4.315193	2.684807	7	
	86.9	-0.472389	4.314391	2.685609	7	
	87	-0.472153	4.311675	2.688325	7	
	87.1	-0.471809	4.312632	2.687368	7	
	87.2	-0.471426	4.310623	2.689377	7	
	87.3	-0.471445	4.310634	2.689366	7	
	87.4	-0.47173	4.309135	2.690865	7	
	87.5	-0.471573	4.30419	2.69581	7	
	87.6	-0.471661	4.30597	2.69403	7	
	87.7	-0.47228	4.305627	2.694373	7	
	87.8	-0.472644	4.301838	2.698162	7	
	87.9	-0.473066	4.302275	2.697725	7	
	88	-0.472896	4.299796	2.700204	7	
	88.1	-0.473273	4.298663	2.701337	7	
	88.2	-0.47345	4.297019	2.702981	7	
	88.3	-0.473224	4.289087	2.710913	7	
	88.4	-0.473607	4.289316	2.710684	7	
	88.5	-0.473175	4.288993	2.711007	7	
	88.6	-0.473587	4.288358	2.711642	7	
	88.7	-0.473656	4.288972	2.711028	7	
	88.8	-0.473882	4.285496	2.714504	7	
	88.9	-0.474304	4.285329	2.714671	7	
	89	-0.474354	4.290148	2.709852	7	
	89.1	-0.474118	4.277147	2.722853	7	
	89.2	-0.474452	4.280197	2.719803	7	
	89.3	-0.474635	4.273457	2.726543	7	
	89.4	-0.474992	4.272682	2.727318	7	
	89.5	-0.475238	4.272734	2.727266	7	
	89.6	-0.475513	4.27315	2.72685	7	
	89.7	-0.475621	4.273109	2.726891	7	
	89.8	-0.475444	4.272234	2.727766	7	
	89.9	-0.47568	4.272547	2.727453	7	
	90	-0.475562	4.271329	2.728671	7	
	90.1	-0.4757	4.274472	2.725528	7	
	90.2	-0.475985	4.263699	2.736301	7	
	90.3	-0.476142	4.279396	2.720604	7	
	90.4	-0.476378	4.264552	2.735448	7	
	90.5	-0.476122	4.270257	2.729743	7	
	90.6	-0.476083	4.261773	2.738227	7	
	90.7	-0.476122	4.265385	2.734615	7	
	90.8	-0.476613	4.262523	2.737477	7	
	90.9	-0.475965	4.25991	2.74009	7	
	91	-0.475493	4.261409	2.738591	7	
	91.1	-0.47513	4.258276	2.741724	7	
	91.2	-0.474855	4.258807	2.741193	7	
	91.3	-0.47513	4.260868	2.739132	7	
	91.4	-0.475572	4.254497	2.745503	7	
	91.5	-0.475366	4.256256	2.743744	7	
	91.6	-0.475474	4.256839	2.743161	7	
	91.7	-0.475513	4.255944	2.744056	7	
	91.8	-0.475218	4.254414	2.745586	7	
	91.9	-0.474835	4.249522	2.750478	7	
	92	-0.475071	4.24923	2.75077	7	
	92.1	-0.474727	4.249313	2.750687	7	
	92.2	-0.474766	4.245722	2.754278	7	
	92.3	-0.474845	4.249438	2.750562	7	
	92.4	-0.474874	4.245608	2.754392	7	
	92.5	-0.475582	4.243276	2.756724	7	
	92.6	-0.475877	4.242985	2.757015	7	
	92.7	-0.475936	4.242641	2.757359	7	
	92.8	-0.476181	4.240278	2.759722	7	
	92.9	-0.47626	4.241892	2.758108	7	
	93	-0.476387	4.243474	2.756526	7	
	93.1	-0.476053	4.240497	2.759503	7	
	93.2	-0.47622	4.242933	2.757067	7	
	93.3	-0.476142	4.236698	2.763302	7	
	93.4	-0.47624	4.236656	2.763344	7	
	93.5	-0.476427	4.236271	2.763729	7	
	93.6	-0.476427	4.237447	2.762553	7	
	93.7	-0.476545	4.231722	2.768278	7	
	93.8	-0.476849	4.236646	2.763354	7	
	93.9	-0.477282	4.235043	2.764957	7	
	94	-0.477429	4.233242	2.766758	7	
	94.1	-0.477164	4.23039	2.76961	7	
	94.2	-0.476761	4.228329	2.771671	7	
	94.3	-0.476889	4.227642	2.772358	7	
	94.4	-0.475768	4.226913	2.773087	7	
	94.5	-0.475601	4.234949	2.765051	7	
	94.6	-0.47566	4.226632	2.773368	7	
	94.7	-0.475336	4.230463	2.769537	7	
	94.8	-0.47512	4.22912	2.77088	7	
	94.9	-0.475061	4.222406	2.777594	7	
	95	-0.474639	4.231764	2.768236	7	
	95.1	-0.474236	4.225362	2.774638	7	
	95.2	-0.474128	4.228579	2.771421	7	
	95.3	-0.474069	4.22938	2.77062	7	
	95.4	-0.473401	4.222697	2.777303	7	
	95.5	-0.473283	4.22505	2.77495	7	
	95.6	-0.473057	4.222697	2.777303	7	
	95.7	-0.472782	4.223822	2.776178	7	
	95.8	-0.472762	4.225706	2.774294	7	
	95.9	-0.472673	4.225726	2.774274	7	
	96	-0.472497	4.218044	2.781956	7	
	96.1	-0.472644	4.218898	2.781102	7	
	96.2	-0.472585	4.219127	2.780873	7	
	96.3	-0.471986	4.221084	2.778916	7	
	96.4	-0.472182	4.220772	2.779228	7	
	96.5	-0.471701	4.220293	2.779707	7	
	96.6	-0.471209	4.218398	2.781602	7	
	96.7	-0.471131	4.221479	2.778521	7	
	96.8	-0.471121	4.224134	2.775866	7	
	96.9	-0.471062	4.215088	2.784912	7	
	97	-0.471111	4.214818	2.785182	7	
	97.1	-0.470767	4.216494	2.783506	7	
	97.2	-0.469991	4.214047	2.785953	7	
	97.3	-0.469913	4.210342	2.789658	7	
	97.4	-0.470011	4.209748	2.790252	7	
	97.5	-0.470139	4.209488	2.790512	7	
	97.6	-0.469883	4.212871	2.787129	7	
	97.7	-0.470109	4.210581	2.789419	7	
	97.8	-0.470315	4.210071	2.789929	7	
	97.9	-0.469883	4.207833	2.792167	7	
	98	-0.469696	4.204554	2.795446	7	
	98.1	-0.469637	4.215338	2.784662	7	
	98.2	-0.469205	4.20293	2.79707	7	
	98.3	-0.469716	4.207719	2.792281	7	
	98.4	-0.469873	4.20572	2.79428	7	
	98.5	-0.469726	4.20572	2.79428	7	
	98.6	-0.47007	4.203826	2.796174	7	
	98.7	-0.469755	4.205179	2.794821	7	
	98.8	-0.469372	4.204492	2.795508	7	
	98.9	-0.469451	4.20369	2.79631	7	
	99	-0.469136	4.204055	2.795945	7	
	99.1	-0.46893	4.204294	2.795706	7	
	99.2	-0.468714	4.205845	2.794155	7	
	99.3	-0.468625	4.206751	2.793249	7	
	99.4	-0.468537	4.20266	2.79734	7	
	99.5	-0.468625	4.203971	2.796029	7	
	99.6	-0.468144	4.206084	2.793916	7	
	99.7	-0.468527	4.20291	2.79709	7	
	99.8	-0.468399	4.207979	2.792021	7	
	99.9	-0.468065	4.1986	2.8014	7	
	100	-0.467898	4.207167	2.792833	7	
	100.1	-0.468075	4.202951	2.797049	7	
	100.2	-0.468449	4.204773	2.795227	7	
	100.3	-0.468871	4.203982	2.796018	7	
	100.4	-0.468527	4.206615	2.793385	7	
	100.5	-0.469018	4.201317	2.798683	7	
	100.6	-0.469097	4.200151	2.799849	7	
	100.7	-0.468675	4.192854	2.807146	7	
	100.8	-0.468871	4.202795	2.797205	7	
	100.9	-0.468458	4.194426	2.805574	7	
	101	-0.468321	4.194447	2.805553	7	
	101.1	-0.467918	4.192729	2.807271	7	
	101.2	-0.467712	4.194208	2.805792	7	
	101.3	-0.468016	4.193999	2.806001	7	
	101.4	-0.467702	4.196248	2.803752	7	
	101.5	-0.468095	4.197341	2.802659	7	
	101.6	-0.468095	4.193479	2.806521	7	
	101.7	-0.467191	4.196425	2.803575	7	
	101.8	-0.466955	4.199891	2.800109	7	
	101.9	-0.466316	4.200078	2.799922	7	
	102	-0.466081	4.193593	2.806407	7	
	102.1	-0.466208	4.196779	2.803221	7	
	102.2	-0.466356	4.198631	2.801369	7	
	102.3	-0.466749	4.195665	2.804335	7	
	102.4	-0.466857	4.187431	2.812569	7	
	102.5	-0.467161	4.193094	2.806906	7	
	102.6	-0.467338	4.195425	2.804575	7	
	102.7	-0.466867	4.194405	2.805595	7	
	102.8	-0.46725	4.194624	2.805376	7	
	102.9	-0.467279	4.200005	2.799995	7	
	103	-0.467191	4.190242	2.809758	7	
	103.1	-0.467093	4.197715	2.802285	7	
	103.2	-0.467269	4.1958	2.8042	7	
	103.3	-0.466542	4.195613	2.804387	7	
	103.4	-0.466257	4.198111	2.801889	7	
	103.5	-0.46614	4.215359	2.784641	7	
	103.6	-0.466631	4.218367	2.781633	7	
	103.7	-0.466366	4.222208	2.777792	7	
	103.8	-0.466562	4.233346	2.766654	7	
	103.9	-0.466739	4.244213	2.755787	7	
	104	-0.466975	4.254716	2.745284	7	
	104.1	-0.466405	4.266416	2.733584	7	
	104.2	-0.4667	4.271922	2.728078	7	
	104.3	-0.467083	4.279479	2.720521	7	
	104.4	-0.466808	4.29171	2.70829	7	
	104.5	-0.46668	4.298528	2.701472	7	
	104.6	-0.466031	4.307095	2.692905	7	
	104.7	-0.465805	4.316057	2.683943	7	
	104.8	-0.465933	4.326216	2.673784	7	
	104.9	-0.466366	4.334044	2.665956	7	
	105	-0.466031	4.33979	2.66021	7	
	105.1	-0.465855	4.348356	2.651644	7	
	105.2	-0.465756	4.356122	2.643878	7	
	105.3	-0.465599	4.366718	2.633282	7	
	105.4	-0.465441	4.372426	2.627574	7	
	105.5	-0.465413	4.380486	2.619514	7	
	105.6	-0.464961	4.389379	2.610621	7	
	105.7	-0.464567	4.395364	2.604636	7	
	105.8	-0.464509	4.403035	2.596965	7	
	105.9	-0.464263	4.410218	2.589782	7	
	106	-0.46444	4.41715	2.58285	7	
	106.1	-0.464685	4.424582	2.575418	7	
	106.2	-0.464902	4.434502	2.565498	7	
	106.3	-0.465177	4.439426	2.560574	7	
	106.4	-0.465756	4.449512	2.550488	7	
	106.5	-0.466297	4.454363	2.545637	7	
	106.6	-0.466356	4.462253	2.537747	7	
	106.7	-0.466837	4.467104	2.532896	7	
	106.8	-0.466886	4.472995	2.527005	7	
	106.9	-0.467181	4.48355	2.51645	7	
	107	-0.467378	4.486756	2.513244	7	
	107.1	-0.467613	4.49575	2.50425	7	
	107.2	-0.467869	4.507075	2.492925	7	
	107.3	-0.4678	4.51688	2.48312	7	
	107.4	-0.467849	4.520721	7.437837	7	
	107.5	-0.468134	4.539426	7.381721	7	
	107.6	-0.468095	4.557913	7.326262	7	
	107.7	-0.467623	4.591909	7.224273	7	
	107.8	-0.467515	4.614611	7.156166	7	
	107.9	-0.467505	4.645714	7.062859	7	
	108	-0.467594	4.676556	6.970332	7	
	108.1	-0.467083	4.69753	6.907409	7	
	108.2	-0.466945	4.739802	6.780595	7	
	108.3	-0.466837	4.761109	6.716672	7	
	108.4	-0.466425	4.784873	6.64538	7	
	108.5	-0.466071	4.824251	6.527247	7	
	108.6	-0.465668	4.828706	6.513882	7	
	108.7	-0.46497	4.875474	6.373577	7	
	108.8	-0.464892	4.902684	6.291949	7	
	108.9	-0.465078	4.936087	6.19174	7	
	109	-0.465019	4.953376	6.139871	7	
	109.1	-0.465304	4.989985	6.030045	7	
	109.2	-0.465216	5.007129	5.978613	7	
	109.3	-0.465265	5.049109	5.852673	7	
	109.4	-0.465304	5.072092	5.783723	7	
	109.5	-0.465314	5.091547	5.725359	7	
	109.6	-0.46499	5.128218	5.615345	7	
	109.7	-0.465039	5.160872	5.517385	7	
	109.8	-0.465275	5.180764	5.457709	7	
	109.9	-0.465422	5.212303	5.36309	7	
	110	-0.465285	5.246737	5.25979	7	
	110.1	-0.464809	5.277711	5.166867	7	
	110.2	-0.465137	5.305871	5.082388	7	
	110.3	-0.4657	5.339236	4.982291	7	
	110.4	-0.465295	5.364006	4.907983	7	
	110.5	-0.465059	5.392985	4.821046	7	
	110.6	-0.465216	5.42315	4.730549	7	
	110.7	-0.465101	5.446988	4.659036	7	
	110.8	-0.465147	5.484075	4.547775	7	
	110.9	-0.465255	5.495546	4.513362	7	
	111	-0.465078	5.51957	4.44129	7	
	111.1	-0.465275	5.553348	4.339957	7	
	111.2	-0.465177	5.566213	4.30136	7	
	111.3	-0.465442	5.604863	4.185412	7	
	111.4	-0.465422	5.620247	4.139258	7	
	111.5	-0.464911	5.652234	4.043297	7	
	111.6	-0.464577	5.665058	4.004825	7	
	111.7	-0.465019	5.691789	3.924633	7	
	111.8	-0.46499	5.71115	3.86655	7	
	111.9	-0.464813	5.741524	3.775428	7	
	112	-0.465069	5.746656	3.760033	7	
	112.1	-0.465226	5.7684	3.694799	7	
	112.2	-0.46444	5.789541	3.631376	7	
	112.3	-0.464184	5.812795	3.561614	7	
	112.4	-0.464666	5.831251	3.506248	7	
	112.5	-0.464214	5.855462	3.433613	7	
	112.6	-0.463811	5.872315	3.383056	7	
	112.7	-0.463762	5.88544	3.343679	7	
	112.8	-0.463064	5.899274	3.302177	7	
	112.9	-0.462995	5.909194	3.272418	7	
	113	-0.463162	5.924662	3.226014	7	
	113.1	-0.463153	5.942628	3.172115	7	
	113.2	-0.463015	5.960459	3.118623	7	
	113.3	-0.462642	5.972336	3.082992	7	
	113.4	-0.46219	5.99101	3.026971	7	
	113.5	-0.462229	6.007581	2.977257	7	
	113.6	-0.462259	6.020405	2.938784	7	
	113.7	-0.461463	6.03222	2.903341	7	
	113.8	-0.461826	6.04749	2.857531	7	
	113.9	-0.462042	6.058159	2.825523	7	
	114	-0.462131	6.068558	2.794327	7	
	114.1	-0.462298	6.083443	2.749671	7	
	114.2	-0.4622	6.089678	2.730966	7	
	114.3	-0.462101	6.100701	2.697896	7	
	114.4	-0.462278	6.108976	2.673071	7	
	114.5	-0.462131	6.114608	2.656177	7	
	114.6	-0.461895	6.127151	2.618548	7	
	114.7	-0.46219	6.138653	2.584041	7	
	114.8	-0.462494	6.145814	2.562557	7	
	114.9	-0.462475	6.1564	2.530799	7	
	115	-0.462553	6.165123	2.50463	7	
	115.1	-0.462858	6.176126	2.471623	7	
	115.2	-0.463084	6.178135	2.465596	7	
	115.3	-0.462602	6.18566	2.443019	7	
	115.4	-0.462583	6.194415	2.416756	7	
	115.5	-0.462465	6.202388	2.392836	7	
	115.6	-0.462504	6.209612	2.371164	7	
	115.7	-0.462514	6.21261	2.362171	7	
	115.8	-0.462907	6.220042	2.339875	7	
	115.9	-0.46274	6.228754	2.313737	7	
	116	-0.462769	6.231377	2.305868	7	
	116.1	-0.462956	6.236759	2.289723	7	
	116.2	-0.462652	6.246929	2.259214	7	
	116.3	-0.462543	6.251831	2.244506	7	
	116.4	-0.462543	6.257681	2.226956	7	
	116.5	-0.46216	6.259878	2.220367	7	
	116.6	-0.462701	6.265717	2.202849	7	
	116.7	-0.463005	6.269402	2.191794	7	
	116.8	-0.463113	6.280529	2.158412	7	
	116.9	-0.463693	6.274544	2.176368	7	
	117	-0.463585	6.285369	2.143892	7	
	117.1	-0.464233	6.285078	2.144766	7	
	117.2	-0.464283	6.291823	2.124531	7	
	117.3	-0.463929	6.293915	2.118254	7	
	117.4	-0.464174	6.295518	2.113445	7	
	117.5	-0.464381	6.30369	2.088931	7	
	117.6	-0.464214	6.30651	2.080469	7	
	117.7	-0.465206	6.311455	2.065636	7	
	117.8	-0.46387	6.316076	2.051771	7	
	117.9	-0.463546	6.319657	2.041029	7	
	118	-0.462652	6.32023	2.039311	7	
	118.1	-0.464509	6.320802	2.037594	7	
	118.2	-0.463153	6.327162	2.018514	7	
	118.3	-0.46444	6.330212	2.009364	7	
	118.4	-0.463457	6.33219	2.003431	7	
	118.5	-0.464892	6.334063	1.99781	7	
	118.6	-0.464705	6.335666	1.993001	7	
	118.7	-0.464302	6.3378	1.986599	7	
	118.8	-0.462976	6.341204	1.976388	7	
	118.9	-0.463379	6.342432	1.972703	7	
	119	-0.464204	6.343785	1.968644	7	
	119.1	-0.463713	6.347293	1.95812	7	
	119.2	-0.464007	6.349032	1.952905	7	
	119.3	-0.464184	6.35306	1.94082	7	
	119.4	-0.464342	6.355798	1.932607	7	
	119.5	-0.46442	6.35587	1.932389	7	
	119.6	-0.464597	6.355079	1.934762	7	
	119.7	-0.464862	6.357526	1.927423	7	
	119.8	-0.465108	6.361023	1.916931	7	
	119.9	-0.465088	6.360242	1.919273	7	
	120	-0.465108	6.360836	1.917493	7	
	120.1	-0.465236	6.364666	1.906001	7	
	120.2	-0.464911	6.364146	1.907563	7	
	120.3	-0.464715	6.366477	1.900568	7	
	120.4	-0.465226	6.367841	1.896477	7	
	120.5	-0.465206	6.368632	1.894104	7	
	120.6	-0.465452	6.369267	1.892199	7	
	120.7	-0.46553	6.369173	1.89248	7	
	120.8	-0.465442	6.371807	1.884579	7	
	120.9	-0.465373	6.372775	1.881675	7	
	121	-0.465452	6.372577	1.882269	7	
	121.1	-0.465393	6.373628	1.879115	7	
	121.2	-0.465314	6.374503	1.876492	7	
	121.3	-0.465373	6.375752	1.872744	7	
	121.4	-0.465442	6.377615	1.867155	7	
	121.5	-0.465609	6.376137	1.871589	7	
	121.6	-0.464852	6.375825	1.872526	7	
	121.7	-0.464636	6.378968	1.863095	7	
	121.8	-0.464725	6.37978	1.860659	7	
	121.9	-0.46443	6.378469	1.864594	7	
	122	-0.464342	6.381727	1.85482	7	
	122.1	-0.46384	6.38156	1.855319	7	
	122.2	-0.464066	6.382383	1.852852	7	
	122.3	-0.464037	6.381238	1.856287	7	
	122.4	-0.464096	6.385297	1.844109	7	
	122.5	-0.464538	6.383642	1.849074	7	
	122.6	-0.464558	6.384142	1.847575	7	
	122.7	-0.464509	6.384808	1.845576	7	
	122.8	-0.464793	6.386348	1.840955	7	
	122.9	-0.464678	6.385637	1.843088	7	
	123	-0.464165	6.388066	1.835802	7	
	123.1	-0.464096	6.387597	1.837208	7	
	123.2	-0.464184	6.385474	1.843578	7	
	123.3	-0.464459	6.388305	1.835084	7	
	123.4	-0.464607	6.389107	1.83268	7	
	123.5	-0.464695	6.390481	1.828558	7	
	123.6	-0.464558	6.390689	1.827933	7	
	123.7	-0.464636	6.391491	1.825528	7	
	123.8	-0.464774	6.389315	1.832055	7	
	123.9	-0.464656	6.38943	1.831711	7	
	124	-0.464882	6.390762	1.827714	7	
	124.1	-0.46497	6.389711	1.830868	7	
	124.2	-0.464636	6.388888	1.833335	7	
	124.3	-0.464361	6.389606	1.831181	7	
	124.4	-0.464558	6.391844	1.824467	7	
	124.5	-0.464577	6.391386	1.825841	7	
	124.6	-0.464626	6.393302	1.820095	7	
	124.7	-0.464774	6.392188	1.823436	7	
	124.8	-0.464833	6.391459	1.825622	7	
	124.9	-0.464469	6.39403	1.817909	7	
	125	-0.464892	6.392542	1.822375	7	
	125.1	-0.464961	6.393749	1.818752	7	
	125.2	-0.46498	6.393062	1.820813	7	
	125.3	-0.464892	6.393812	1.818565	7	
	125.4	-0.464479	6.393323	1.820032	7	
	125.5	-0.464027	6.394093	1.817722	7	
	125.6	-0.463998	6.396008	1.811976	7	
	125.7	-0.463899	6.395186	1.814443	7	
	125.8	-0.463664	6.394946	1.815161	7	
	125.9	-0.463998	6.396383	1.810852	7	
	126	-0.464125	6.395769	1.812694	7	
	126.1	-0.464292	6.394353	1.816941	7	
	126.2	-0.464793	6.396643	1.810071	7	
	126.3	-0.465481	6.395946	1.812163	7	
	126.4	-0.466081	6.39427	1.817191	7	
	126.5	-0.466444	6.394582	1.816254	7	
	126.6	-0.466611	6.395977	1.812069	7	
	126.7	-0.466621	6.394905	1.815286	7	
	126.8	-0.466808	6.393395	1.819814	7	
	126.9	-0.467044	6.396008	1.811976	7	
	127	-0.466906	6.395498	1.813506	7	
	127.1	-0.467427	6.394926	1.815223	7	
	127.2	-0.467918	6.396143	1.81157	7	
	127.3	-0.467653	6.39784	1.80648	7	
	127.4	-0.467869	6.393905	1.818284	7	
	127.5	-0.467653	6.399245	1.802264	7	
	127.6	-0.467702	6.401348	1.795956	7	
	127.7	-0.467545	6.399277	1.80217	7	
	127.8	-0.467623	6.398152	1.805543	7	
	127.9	-0.467741	6.398683	1.80395	7	
	128	-0.467505	6.397299	1.808104	7	
	128.1	-0.467682	6.396893	1.809321	7	
	128.2	-0.467947	6.398714	1.803857	7	
	128.3	-0.468016	6.397778	1.806667	7	
	128.4	-0.468095	6.398975	1.803076	7	
	128.5	-0.468419	6.398079	1.805762	7	
	128.6	-0.468429	6.398142	1.805574	7	
	128.7	-0.467977	6.402399	1.792802	7	
	128.8	-0.467476	6.399162	1.802514	7	
	128.9	-0.467348	6.402878	1.791366	7	
	129	-0.466906	6.397788	1.806636	7	
	129.1	-0.466916	6.40166	1.795019	7	
	129.2	-0.466896	6.404002	1.787993	7	
	129.3	-0.466955	6.402191	1.793427	7	
	129.4	-0.467387	6.401827	1.79452	7	
	129.5	-0.46723	6.402035	1.793895	7	
	129.6	-0.467083	6.400682	1.797955	7	
	129.7	-0.467289	6.399433	1.801702	7	
	129.8	-0.467633	6.400807	1.79758	7	
	129.9	-0.467093	6.402982	1.791053	7	
	130	-0.467378	6.401764	1.794707	7	
	130.1	-0.46722	6.40268	1.791959	7	
	130.2	-0.467142	6.401431	1.795706	7	
	130.3	-0.467279	6.400463	1.79861	7	
	130.4	-0.467152	6.403513	1.789461	7	
	130.5	-0.467997	6.400016	1.799953	7	
	130.6	-0.468272	6.401743	1.79477	7	
	130.7	-0.468625	6.403055	1.790835	7	
	130.8	-0.469077	6.403305	1.790085	7	
	130.9	-0.468704	6.400057	1.799828	7	
	131	-0.468419	6.39962	1.80114	7	
	131.1	-0.468645	6.401036	1.796893	7	
	131.2	-0.468638	6.40103	1.796909	7	
	131.3	-0.468866	6.401216	1.796351	7	
	131.4	-0.468586	6.404127	1.787618	7	
	131.5	-0.46835	6.400942	1.797174	7	
	131.6	-0.468263	6.39864	1.804081	7	
	131.7	-0.46834	6.402712	1.791865	7	
	131.8	-0.46845	6.40308	1.790759	7	
	131.9	-0.468812	6.396945	1.809165	7	
	132	-0.468272	6.40192	1.794239	7	
	132.1	-0.468165	6.39898	1.803061	7	
	132.2	-0.467967	6.401775	1.794676	7	
	132.3	-0.467623	6.401421	1.795738	7	
	132.4	-0.467476	6.401338	1.795987	7	
	132.5	-0.467495	6.40012	1.799641	7	
	132.6	-0.467132	6.399911	1.800266	7	
	132.7	-0.46725	6.401213	1.796362	7	
	132.8	-0.467112	6.403045	1.790866	7	
	132.9	-0.466562	6.402337	1.79299	7	
	133	-0.466513	6.402139	1.793583	7	
	133.1	-0.466533	6.401431	1.795706	7	
	133.2	-0.46668	6.401036	1.796893	7	
	133.3	-0.466572	6.39835	1.80495	7	
	133.4	-0.466582	6.403544	1.789367	7	
	133.5	-0.466592	6.400401	1.798798	7	
	133.6	-0.466719	6.399922	1.800234	7	
	133.7	-0.466916	6.39911	1.80267	7	
	133.8	-0.466611	6.397705	1.806886	7	
	133.9	-0.466336	6.402191	1.793427	7	
	134	-0.466425	6.401223	1.796331	7	
	134.1	-0.466818	6.400057	1.799828	7	
	134.2	-0.466886	6.399901	1.800297	7	
	134.3	-0.466847	6.404096	1.787712	7	
	134.4	-0.466857	6.399953	1.800141	7	
	134.5	-0.46667	6.39809	1.80573	7	
	134.6	-0.466926	6.398361	1.804918	7	
	134.7	-0.466798	6.399537	1.80139	7	
	134.8	-0.467073	6.399797	1.800609	7	
	134.9	-0.466818	6.400775	1.797674	7	
	135	-0.467554	6.39912	1.802639	7	
	135.1	-0.468046	6.401004	1.796987	7	
	135.2	-0.4678	6.402139	1.793583	7	
	135.3	-0.467554	6.40192	1.794239	7	
	135.4	-0.467564	6.395279	1.814162	7	
	135.5	-0.46724	6.396924	1.809228	7	
	135.6	-0.46722	6.396372	1.810883	7	
	135.7	-0.467663	6.401785	1.794645	7	
	135.8	-0.468164	6.419637	1.74109	7	
	135.9	-0.468006	6.401514	1.795457	7	
	136	-0.467525	6.40953	1.771411	7	
	136.1	-0.467623	6.404356	1.786931	7	
	136.2	-0.467751	6.404044	1.787868	7	
	136.3	-0.467908	6.403034	1.790897	7	
	136.4	-0.468164	6.40624	1.781279	7	
	136.5	-0.468704	6.402264	1.793208	7	
	136.6	-0.468989	6.404439	1.786682	7	
	136.7	-0.469185	6.406032	1.781904	7	
	136.8	-0.468979	6.404367	1.7869	7	
	136.9	-0.468812	6.403981	1.788056	7	
	137	-0.468635	6.403877	1.788368	7	
	137.1	-0.468773	6.403898	1.788305	7	
	137.2	-0.468684	6.4065	1.780499	7	
	137.3	-0.468842	6.402888	1.791335	7	
	137.4	-0.46894	6.399641	1.801077	7	
	137.5	-0.469048	6.400703	1.797892	7	
	137.6	-0.469068	6.402378	1.792865	7	
	137.7	-0.469097	6.400484	1.798548	7	
	137.8	-0.468635	6.401244	1.796268	7	
	137.9	-0.468773	6.400765	1.797705	7	
	138	-0.469333	6.400401	1.798798	7	
	138.1	-0.469166	6.399995	1.800016	7	
	138.2	-0.468842	6.402222	1.793333	7	
	138.3	-0.469048	6.401109	1.796674	7	
	138.4	-0.469303	6.401993	1.79402	7	
	138.5	-0.469009	6.403565	1.789305	7	
	138.6	-0.468842	6.405043	1.78487	7	
	138.7	-0.469402	6.402191	1.793427	7	
	138.8	-0.469244	6.406594	1.780218	7	
	138.9	-0.469117	6.401046	1.796862	7	
	139	-0.469274	6.395186	1.814443	7	
	139.1	-0.469441	6.389086	1.832742	7	
	139.2	-0.469087	6.392219	1.823343	7	
	139.3	-0.469068	6.38385	1.848449	7	
	139.4	-0.469431	6.365114	1.904659	7	
	139.5	-0.46952	6.366113	1.901661	7	
	139.6	-0.469667	6.352685	1.941944	7	
	139.7	-0.469726	6.342963	1.971111	7	
	139.8	-0.469529	6.334771	1.995686	7	
	139.9	-0.469303	6.321146	2.036563	7	
	140	-0.469411	6.315847	2.052458	7	
	140.1	-0.469235	6.307624	2.077127	7	
	140.2	-0.469146	6.301223	2.096332	7	
	140.3	-0.469126	6.291459	2.125624	7	
	140.4	-0.469035	6.285405	2.143786	7	
	140.5	-0.469166	6.273566	2.179303	7	
	140.6	-0.468999	6.26834	2.19498	7	
	140.7	-0.468733	6.258753	2.22374	7	
	140.8	-0.469058	6.25154	2.245381	7	
	140.9	-0.469146	6.246949	2.259152	7	
	141	-0.469284	6.236686	2.289942	7	
	141.1	-0.47005	6.227578	2.317266	7	
	141.2	-0.469883	6.224289	2.327134	7	
	141.3	-0.469549	6.214463	2.356612	7	
	141.4	-0.469795	6.209435	2.371695	7	
	141.5	-0.469657	6.201763	2.39471	7	
	141.6	-0.469431	6.1938	2.418599	7	
	141.7	-0.469745	6.189168	2.432495	7	
	141.8	-0.469539	6.183537	2.449389	7	
	141.9	-0.469588	6.17598	2.47206	7	
	142	-0.469441	6.168642	2.494075	7	
	142.1	-0.469588	6.165196	2.504412	7	
	142.2	-0.469716	6.157046	2.528863	7	
	142.3	-0.469303	6.152372	2.542884	7	
	142.4	-0.469362	6.14544	2.563681	7	
	142.5	-0.469294	6.137935	2.586196	7	
	142.6	-0.468901	6.134885	2.595346	7	
	142.7	-0.469235	6.13221	2.603371	7	
	142.8	-0.469156	6.126266	2.621202	7	
	142.9	-0.469264	6.119844	2.640469	7	
	143	-0.469284	6.11593	2.652211	7	
	143.1	-0.470129	6.109913	2.67026	7	
	143.2	-0.470482	6.106072	2.681783	7	
	143.3	-0.470718	6.104594	2.686217	7	
	143.4	-0.471406	6.098599	2.704204	7	
	143.5	-0.471288	6.094643	2.716071	7	
	143.6	-0.47119	6.091375	2.725876	7	
	143.7	-0.471239	6.086659	2.740022	7	
	143.8	-0.470718	6.083464	2.749609	7	
	143.9	-0.470492	6.076198	2.771406	7	
	144	-0.470541	6.078415	2.764754	7	
	144.1	-0.470384	6.074501	2.776496	7	
	144.2	-0.470335	6.064665	2.806006	7	
	144.3	-0.470414	6.066788	2.799635	7	
	144.4	-0.470414	6.062562	2.812314	7	
	144.5	-0.470139	6.059949	2.820152	7	
	144.6	-0.470404	6.058846	2.823462	7	
	144.7	-0.470541	6.058294	2.825117	7	
	144.8	-0.470925	6.051404	2.845789	7	
	144.9	-0.470846	6.045345	2.863964	7	
	145	-0.470758	6.048551	2.854346	7	
	145.1	-0.470885	6.045085	2.864744	7	
	145.2	-0.471052	6.041775	2.874675	7	
	145.3	-0.471101	6.041754	2.874737	7	
	145.4	-0.470944	6.04266	2.87202	7	
	145.5	-0.471013	6.038205	2.885386	7	
	145.6	-0.471445	6.035051	2.894847	7	
	145.7	-0.471524	6.031605	2.905184	7	
	145.8	-0.471033	6.028274	2.915177	7	
	145.9	-0.470925	6.027858	2.916426	7	
	146	-0.470699	6.030159	2.909524	7	
	146.1	-0.470807	6.024309	2.927074	7	
	146.2	-0.470738	6.021894	2.934319	7	
	146.3	-0.471072	6.022851	2.931446	7	
	146.4	-0.471082	6.022393	2.93282	7	
	146.5	-0.471092	6.021436	2.935693	7	
	146.6	-0.471377	6.027015	2.918955	7	
	146.7	-0.471229	6.016845	2.949464	7	
	146.8	-0.470974	6.015232	2.954304	7	
	146.9	-0.471229	6.010027	2.969918	7	
	147	-0.470925	6.01138	2.965859	7	
	147.1	-0.470404	6.010798	2.967607	7	
	147.2	-0.470217	6.007571	2.977288	7	
	147.3	-0.470188	6.005593	2.983221	7	
	147.4	-0.469667	6.005895	2.982315	7	
	147.5	-0.469834	6.003938	2.988186	7	
	147.6	-0.469647	6.008195	2.975414	7	
	147.7	-0.469657	6.001731	2.994806	7	
	147.8	-0.470148	5.998744	3.003769	7	
	147.9	-0.470404	5.998484	3.004549	7	
	148	-0.469745	6.008154	2.975539	7	
	148.1	-0.469647	6.000211	2.999366	7	
	148.2	-0.469981	5.995173	3.01448	7	
	148.3	-0.469529	5.998244	3.005267	7	
	148.4	-0.469539	6.001138	2.996586	7	
	148.5	-0.469559	5.99483	3.01551	7	
	148.6	-0.469284	5.997047	3.008859	7	
	148.7	-0.46952	5.994882	3.015354	7	
	148.8	-0.469539	5.993623	3.019132	7	
	148.9	-0.469608	5.990864	3.027408	7	
	149	-0.469883	5.994216	3.017352	7	
	149.1	-0.469952	5.990094	3.029719	7	
	149.2	-0.470247	5.99306	3.020819	7	
	149.3	-0.470423	5.993456	3.019632	7	
	149.4	-0.469834	5.994934	3.015198	7	
	149.5	-0.47003	5.995486	3.013543	7	
	149.6	-0.469795	5.992342	3.022973	7	
	149.7	-0.469539	5.985056	3.044833	7	
	149.8	-0.469048	5.99026	3.029219	7	
	149.9	-0.468753	5.990593	3.02822	7	
	150	-0.468851	5.988356	3.034933	7	
	150.1	-0.468704	5.989032	3.032904	7	
	150.2	-0.467977	5.984858	3.045426	7	
	150.3	-0.467653	5.989063	3.03281	7	
	150.4	-0.46782	5.987346	3.037963	7	
	150.5	-0.468075	5.987773	3.036682	7	
	150.6	-0.467938	5.987408	3.037775	7	
	150.7	-0.468262	5.986523	3.04043	7	
	150.8	-0.468881	5.990125	3.029625	7	
	150.9	-0.468409	5.985857	3.042428	7	
	151	-0.468399	5.982277	3.05317	7	
	151.1	-0.467957	5.985462	3.043615	7	
	151.2	-0.467997	5.982506	3.052483	7	
	151.3	-0.467987	5.986576	3.040273	7	
	151.4	-0.468301	5.985368	3.043896	7	
	151.5	-0.468036	5.985607	3.043178	7	
	151.6	-0.467997	5.988064	3.035808	7	
	151.7	-0.468488	5.974137	3.07759	7	
	151.8	-0.468449	5.981163	3.056512	7	
	151.9	-0.468586	5.983796	3.048611	7	
	152	-0.468488	5.979497	3.061508	7	
	152.1	-0.468665	5.979726	3.060821	7	
	152.2	-0.468498	5.980809	3.057573	7	
	152.3	-0.467888	5.978717	3.06385	7	
	152.4	-0.467653	5.984338	3.046987	7	
	152.5	-0.468114	5.978134	3.065599	7	
	152.6	-0.467545	5.986399	3.040804	7	
	152.7	-0.467977	5.977041	3.068878	7	
	152.8	-0.467893	5.978997	3.063008	7	
	152.9	-0.467535	5.982037	3.053889	7	
	153	-0.467584	5.975948	3.072157	7	
	153.1	-0.467643	5.981371	3.055887	7	
	153.2	-0.467692	5.973543	3.07937	7	
	153.3	-0.468154	5.982183	3.053451	7	
	153.4	-0.468252	5.975563	3.073312	7	
	153.5	-0.467928	5.978977	3.063069	7	
	153.6	-0.4678	5.976198	3.071407	7	
	153.7	-0.46783	5.981871	3.054388	7	
	153.8	-0.46723	5.981184	3.056449	7	
	153.9	-0.467299	5.977551	3.067348	7	
	154	-0.467682	5.978821	3.063538	7	
	154.1	-0.467407	5.980934	3.057199	7	
	154.2	-0.467328	5.976947	3.069159	7	
	154.3	-0.467378	5.979185	3.062445	7	
	154.4	-0.46779	5.978155	3.065536	7	
	154.5	-0.467387	5.976729	3.069814	7	
	154.6	-0.467122	5.984421	3.046737	7	
	154.7	-0.466994	5.984296	3.047112	7	
	154.8	-0.467112	5.980393	3.058822	7	
	154.9	-0.467201	5.980403	3.058791	7	
	155	-0.466876	5.979622	3.061133	7	
	155.1	-0.466818	5.984025	3.047924	7	
	155.2	-0.467083	5.980278	3.059166	7	
	155.3	-0.467299	5.980726	3.057823	7	
	155.4	-0.46665	5.982724	3.051828	7	
	155.5	-0.466493	5.983078	3.050766	7	
	155.6	-0.466542	5.97881	3.063569	7	
	155.7	-0.466641	5.974969	3.075092	7	
	155.8	-0.466425	5.977905	3.066286	7	
	155.9	-0.46669	5.979206	3.062382	7	
	156	-0.466474	5.976541	3.070377	7	
	156.1	-0.465845	5.982131	3.053607	7	
	156.2	-0.466051	5.979945	3.060165	7	
	156.3	-0.466356	5.977301	3.068097	7	
	156.4	-0.466513	5.976801	3.069596	7	
	156.5	-0.466906	5.981204	3.056387	7	
	156.6	-0.467132	5.979071	3.062788	7	
	156.7	-0.467083	5.979497	3.061508	7	
	156.8	-0.466896	5.983265	3.050204	7	
	156.9	-0.466896	5.982079	3.053764	7	
	157	-0.467505	5.976208	3.071376	7	
	157.1	-0.467505	5.983276	3.050172	7	
	157.2	-0.467633	5.983193	3.050422	7	
	157.3	-0.467289	5.980778	3.057667	7	
	157.4	-0.467613	5.972117	3.083648	7	
	157.5	-0.468056	5.975021	3.074936	7	
	157.6	-0.467957	5.979279	3.062164	7	
	157.7	-0.46836	5.969983	3.09005	7	
	157.8	-0.468164	5.981069	3.056793	7	
	157.9	-0.468192	5.976485	3.070545	7	
	158	-0.467928	5.973741	3.078777	7	
	158.1	-0.46783	5.977894	3.066317	7	
	158.2	-0.468223	5.985701	3.042896	7	
	158.3	-0.467466	5.989126	3.032623	7	
	158.4	-0.467378	5.997755	3.006735	7	
	158.5	-0.467515	6.005468	2.983596	7	
	158.6	-0.467947	6.015992	2.952025	7	
	158.7	-0.46834	6.022466	2.932601	7	
	158.8	-0.46891	6.030054	2.909837	7	
	158.9	-0.468665	6.045574	2.863277	7	
	159	-0.468144	6.05132	2.846039	7	
	159.1	-0.467977	6.059106	2.822681	7	
	159.2	-0.467682	6.066424	2.800728	7	
	159.3	-0.467368	6.071077	2.78677	7	
	159.4	-0.466965	6.086305	2.741084	7	
	159.5	-0.467073	6.094331	2.717008	7	
	159.6	-0.467044	6.106707	2.679878	7	
	159.7	-0.466906	6.111933	2.664202	7	
	159.8	-0.46723	6.114899	2.655302	7	
	159.9	-0.466847	6.131387	2.605838	7	
	160	-0.46667	6.131585	4.342075	7	
	160.1	-0.466542	6.158545	4.207277	7	
	160.2	-0.466425	6.16911	4.15445	7	
	160.3	-0.466336	6.184953	4.075237	7	
	160.4	-0.466425	6.203221	3.983897	7	
	160.5	-0.466287	6.225028	3.874861	7	
	160.6	-0.465973	6.238799	3.806005	7	
	160.7	-0.466051	6.24721	3.763952	7	
	160.8	-0.466051	6.283819	3.580907	7	
	160.9	-0.465363	6.288409	3.557955	7	
	161	-0.465295	6.306177	3.469113	7	
	161.1	-0.465354	6.324248	3.378762	7	
	161.2	-0.465471	6.340632	3.296842	7	
	161.3	-0.465157	6.35916	3.204201	7	
	161.4	-0.465	6.379624	3.101879	7	
	161.5	-0.465137	6.393187	3.034064	7	
	161.6	-0.464882	6.402659	2.986703	7	
	161.7	-0.465137	6.427308	2.863458	7	
	161.8	-0.465285	6.425893	2.870537	7	
	161.9	-0.464843	6.429567	2.852165	7	
	162	-0.464862	6.450989	2.745055	7	
	162.1	-0.464292	6.460274	2.69863	7	
	162.2	-0.464125	6.472359	2.638205	7	
	162.3	-0.464145	6.482175	2.589126	7	
	162.4	-0.464204	6.486484	2.567579	7	
	162.5	-0.464194	6.498507	2.507466	7	
	162.6	-0.464597	6.507656	2.461718	7	
	162.7	-0.464057	6.51462	2.4269	7	
	162.8	-0.463713	6.525737	2.371315	7	
	162.9	-0.46388	6.528579	2.357107	7	
	163	-0.464125	6.536916	2.315418	7	
	163.1	-0.46384	6.541819	2.290905	7	
	163.2	-0.464027	6.546951	2.265246	7	
	163.3	-0.46388	6.559515	2.202427	7	
	163.4	-0.463614	6.559442	2.202791	7	
	163.5	-0.464057	6.564948	2.175259	7	
	163.6	-0.464135	6.569601	2.151995	7	
	163.7	-0.463919	6.574098	2.129511	7	
	163.8	-0.463585	6.578012	2.109942	7	
	163.9	-0.46385	6.583862	2.080692	7	
	164	-0.463644	6.586943	2.065287	7	
	164.1	-0.46331	6.588629	2.056855	7	
	164.2	-0.46332	6.588181	2.059093	7	
	164.3	-0.463064	6.591908	2.040461	7	
	164.4	-0.46328	6.593979	2.030104	7	
	164.5	-0.463447	6.600141	1.999293	7	
	164.6	-0.463172	6.601391	1.993047	7	
	164.7	-0.462809	6.605492	1.972541	7	
	164.8	-0.462494	6.603576	1.982118	7	
	164.9	-0.46218	6.609759	1.951203	7	
	165	-0.46276	6.613111	1.934444	7	
	165.1	-0.462878	6.613621	1.931894	7	
	165.2	-0.463064	6.60953	1.952348	7	
	165.3	-0.463182	6.616244	1.918778	7	
	165.4	-0.463388	6.61436	1.928199	7	
	165.5	-0.463241	6.614933	1.925336	7	
	165.6	-0.463349	6.617493	1.912533	7	
	165.7	-0.4633	6.620054	1.89973	7	
	165.8	-0.463359	6.618305	1.908473	7	
	165.9	-0.463555	6.619627	1.901863	7	
	166	-0.463575	6.618566	1.907172	7	
	166.1	-0.463369	6.622063	1.889685	7	
	166.2	-0.463565	6.625071	1.874644	7	
	166.3	-0.463909	6.625914	1.870428	7	
	166.4	-0.463909	6.624134	1.879328	7	
	166.5	-0.463693	6.623624	1.881878	7	
	166.6	-0.463978	6.624062	1.879692	7	
	166.7	-0.464263	6.621272	1.89364	7	
	166.8	-0.464322	6.626143	1.869283	7	
	166.9	-0.464312	6.627892	1.860539	7	
	167	-0.464371	6.626529	1.867357	7	
	167.1	-0.464165	6.628714	1.856428	7	
	167.2	-0.463899	6.630526	1.847372	7	
	167.3	-0.464096	6.628225	1.858874	7	
	167.4	-0.463772	6.628267	1.858666	7	
	167.5	-0.463624	6.631535	1.842323	7	
	167.6	-0.463958	6.629349	1.853253	7	
	167.7	-0.464381	6.629735	1.851327	7	
	167.8	-0.464165	6.630921	1.845394	7	
	167.9	-0.464007	6.632326	1.838368	7	
	168	-0.463939	6.63141	1.842948	7	
	168.1	-0.464351	6.63191	1.84045	7	
	168.2	-0.463605	6.633201	1.833996	7	
	168.3	-0.463801	6.630963	1.845186	7	
	168.4	-0.463968	6.631296	1.84352	7	
	168.5	-0.464174	6.632118	1.839409	7	
	168.6	-0.464214	6.632847	1.835766	7	
	168.7	-0.463821	6.632784	1.836078	7	
	168.8	-0.463644	6.633721	1.831394	7	
	168.9	-0.463536	6.632431	1.837847	7	
	169	-0.4633	6.634315	1.828427	7	
	169.1	-0.463467	6.633097	1.834516	7	
	169.2	-0.463683	6.634148	1.82926	7	
	169.3	-0.463408	6.634086	1.829572	7	
	169.4	-0.463329	6.635095	1.824524	7	
	169.5	-0.463162	6.636261	1.818695	7	
	169.6	-0.462416	6.634908	1.82546	7	
	169.7	-0.462082	6.633752	1.831238	7	
	169.8	-0.46215	6.635085	1.824576	7	
	169.9	-0.462317	6.632389	1.838056	7	
	170	-0.462602	6.634242	1.828791	7	
	170.1	-0.462435	6.635512	1.822442	7	
	170.2	-0.462661	6.635918	1.820412	7	
	170.3	-0.463241	6.63548	1.822598	7	
	170.4	-0.463153	6.636011	1.819944	7	
	170.5	-0.463153	6.636615	1.816925	7	
	170.6	-0.463084	6.6347	1.826501	7	
	170.7	-0.463349	6.634523	1.827386	7	
	170.8	-0.463251	6.634564	1.827178	7	
	170.9	-0.463457	6.633929	1.830353	7	
	171	-0.463732	6.635387	1.823066	7	
	171.1	-0.463565	6.634616	1.826918	7	
	171.2	-0.463408	6.633024	1.834881	7	
	171.3	-0.463762	6.634679	1.826605	7	
	171.4	-0.463693	6.635262	1.823691	7	
	171.5	-0.463202	6.633138	1.834308	7	
	171.6	-0.463329	6.633232	1.83384	7	
	171.7	-0.463516	6.634471	1.827646	7	
	171.8	-0.463231	6.635501	1.822494	7	
	171.9	-0.463025	6.635324	1.823379	7	
	172	-0.463143	6.637489	1.812553	7	
	172.1	-0.463388	6.635491	1.822546	7	
	172.2	-0.463162	6.636698	1.816509	7	
	172.3	-0.463015	6.637042	1.814791	7	
	172.4	-0.463143	6.636334	1.81833	7	
	172.5	-0.463231	6.63546	1.822702	7	
	172.6	-0.463172	6.636886	1.815572	7	
	172.7	-0.463123	6.636251	1.818747	7	
	172.8	-0.463064	6.637573	1.812137	7	
	172.9	-0.462701	6.636677	1.816613	7	
	173	-0.462858	6.637198	1.81401	7	
	173.1	-0.46274	6.635158	1.824211	7	
	173.2	-0.462779	6.635907	1.820464	7	
	173.3	-0.462897	6.637115	1.814427	7	
	173.4	-0.462622	6.636032	1.81984	7	
	173.5	-0.461964	6.634231	1.828843	7	
	173.6	-0.461738	6.636719	1.816405	7	
	173.7	-0.461767	6.636199	1.819007	7	
	173.8	-0.4622	6.635782	1.821089	7	
	173.9	-0.462219	6.633253	1.833736	7	
	174	-0.462465	6.634877	1.825617	7	
	174.1	-0.462917	6.632472	1.837639	7	
	174.2	-0.463172	6.637937	1.810315	7	
	174.3	-0.463486	6.633618	1.83191	7	
	174.4	-0.463143	6.636521	1.817393	7	
	174.5	-0.46331	6.635938	1.820308	7	
	174.6	-0.463202	6.638197	1.809014	7	
	174.7	-0.463241	6.635959	1.820204	7	
	174.8	-0.463477	6.636657	1.816717	7	
	174.9	-0.463536	6.635866	1.820672	7	
	175	-0.463673	6.63548	1.822598	7	
	175.1	-0.463703	6.635345	1.823275	7	
	175.2	-0.463958	6.636657	1.816717	7	
	175.3	-0.463634	6.635449	1.822754	7	
	175.4	-0.463537	6.636392	1.81804	7	
	175.5	-0.463585	6.636927	1.815364	7	
	175.6	-0.464116	6.635876	1.82062	7	
	175.7	-0.463958	6.634741	1.826293	7	
	175.8	-0.46388	6.634637	1.826814	7	
	175.9	-0.46388	6.63369	1.83155	7	
	176	-0.46386	6.633773	1.831133	7	
	176.1	-0.464027	6.635095	1.824524	7	
	176.2	-0.464283	6.636313	1.818434	7	
	176.3	-0.463595	6.634346	1.828271	7	
	176.4	-0.463339	6.635616	1.821921	7	
	176.5	-0.463261	6.637115	1.814427	7	
	176.6	-0.462868	6.63623	1.818851	7	
	176.7	-0.463329	6.635335	1.823327	7	
	176.8	-0.463084	6.634668	1.826658	7	
	176.9	-0.463064	6.635616	1.821921	7	
	177	-0.462868	6.635335	1.823327	7	
	177.1	-0.463369	6.635231	1.823847	7	
	177.2	-0.463811	6.637302	1.81349	7	
	177.3	-0.464283	6.637271	1.813646	7	
	177.4	-0.463939	6.638624	1.80688	7	
	177.5	-0.464332	6.638988	1.805059	7	
	177.6	-0.464479	6.636854	1.815728	7	
	177.7	-0.464902	6.637729	1.811356	7	
	177.8	-0.465108	6.635626	1.821869	7	
	177.9	-0.464931	6.635782	1.821089	7	
	178	-0.464852	6.637604	1.811981	7	
	178.1	-0.465147	6.636927	1.815364	7	
	178.2	-0.464862	6.63673	1.816352	7	
	178.3	-0.465196	6.634981	1.825096	7	
	178.4	-0.46497	6.639072	1.804642	7	
	178.5	-0.465049	6.63063	1.846851	7	
	178.6	-0.465403	6.639384	1.803081	7	
	178.7	-0.465452	6.642038	1.789809	7	
	178.8	-0.465295	6.63878	1.8061	7	
	178.9	-0.465638	6.636147	1.819267	7	
	179	-0.465471	6.637999	1.810003	7	
	179.1	-0.465481	6.635668	1.821661	7	
	179.2	-0.465324	6.637687	1.811564	7	
	179.3	-0.46558	6.633929	1.830353	7	
	179.4	-0.465511	6.636886	1.815572	7	
	179.5	-0.465521	6.637073	1.814635	7	
	179.6	-0.465688	6.634263	1.828687	7	
	179.7	-0.465973	6.635283	1.823587	7	
	179.8	-0.465973	6.637198	1.81401	7	
	179.9	-0.466356	6.634845	1.825773	7	
	180	-0.466503	6.634564	1.827178	7	
	180.1	-0.466375	6.63673	1.816352	7	
	180.2	-0.466415	6.636386	1.81807	7	
	180.3	-0.466454	6.636854	1.815728	7	
	180.4	-0.466385	6.636022	1.819892	7	
	180.5	-0.466356	6.637	1.814999	7	
	180.6	-0.466503	6.634252	1.828739	7	
	180.7	-0.466346	6.63573	1.821349	7	
	180.8	-0.466218	6.633086	1.834568	7	
	180.9	-0.466601	6.636126	1.819371	7	
	181	-0.466818	6.638093	1.809535	7	
	181.1	-0.46669	6.637156	1.814219	7	
	181.2	-0.466513	6.639176	1.804122	7	
	181.3	-0.466464	6.637833	1.810836	7	
	181.4	-0.466228	6.636698	1.816509	7	
	181.5	-0.465668	6.633409	1.832955	7	
	181.6	-0.465422	6.632097	1.839513	7	
	181.7	-0.46558	6.633877	1.830613	7	
	181.8	-0.465324	6.636542	1.817289	7	
	181.9	-0.465432	6.635408	1.822962	7	
	182	-0.465973	6.636927	1.815364	7	
	182.1	-0.466405	6.637906	1.810471	7	
	182.2	-0.46668	6.632441	1.837795	7	
	182.3	-0.467417	6.63775	1.811252	7	
	182.4	-0.467456	6.635741	1.821297	7	
	182.5	-0.467338	6.622896	1.885521	7	
	182.6	-0.467446	6.625675	1.871625	7	
	182.7	-0.467771	6.612351	1.938243	7	
	182.8	-0.467613	6.613642	1.93179	7	
	182.9	-0.468203	6.594021	2.029896	7	
	183	-0.468439	6.589743	2.051286	7	
	183.1	-0.468773	6.578116	2.109421	7	
	183.2	-0.468802	6.573109	2.134455	7	
	183.3	-0.468527	6.562846	2.185772	7	
	183.4	-0.468468	6.554841	2.225795	7	
	183.5	-0.46892	6.547398	2.263008	7	
	183.6	-0.468655	6.536229	2.318853	7	
	183.7	-0.468232	6.530327	2.348363	7	
	183.8	-0.467947	6.526736	2.366319	7	
	183.9	-0.467731	6.518961	2.405197	7	
	184	-0.468232	6.511039	2.444803	7	
	184.1	-0.468439	6.503076	2.484618	7	
	184.2	-0.468291	6.496446	2.517771	7	
	184.3	-0.46836	6.490304	2.548478	7	
	184.4	-0.468547	6.488118	2.559408	7	
	184.5	-0.468832	6.47925	2.603751	7	
	184.6	-0.469274	6.473181	2.634093	7	
	184.7	-0.469736	6.468914	2.655432	7	
	184.8	-0.46948	6.468456	2.657722	7	
	184.9	-0.4695	6.463324	2.683381	7	
	185	-0.469657	6.460097	2.699515	7	
	185.1	-0.469569	6.448199	2.759003	7	
	185.2	-0.469441	6.442131	2.789345	7	
	185.3	-0.469677	6.443068	2.784661	7	
	185.4	-0.469461	6.43803	2.809851	7	
	185.5	-0.46948	6.436968	2.81516	7	
	185.6	-0.469814	6.431139	2.844306	7	
	185.7	-0.47007	6.435448	2.822759	7	
	185.8	-0.469804	6.426163	2.869183	7	
	185.9	-0.469913	6.427808	2.86096	7	
	186	-0.470099	6.423884	2.880581	7	
	186.1	-0.469903	6.421344	2.893281	7	
	186.2	-0.469981	6.415858	2.920709	7	
	186.3	-0.469687	6.413985	2.930077	7	
	186.4	-0.470021	6.414276	2.92862	7	
	186.5	-0.469952	6.40724	2.963802	7	
	186.6	-0.469795	6.405074	2.974628	7	
	186.7	-0.469559	6.404616	2.976918	7	
	186.8	-0.469608	6.40115	2.994249	7	
	186.9	-0.469726	6.401941	2.990294	7	
	187	-0.470217	6.400151	2.999246	7	
	187.1	-0.470404	6.400734	2.996331	7	
	187.2	-0.470797	6.398069	3.009655	7	
	187.3	-0.470984	6.397268	3.013662	7	
	187.4	-0.471121	6.398142	3.00929	7	
	187.5	-0.471445	6.395842	3.020792	7	
	187.6	-0.470826	6.39504	3.0248	7	
	187.7	-0.470522	6.393447	3.032763	7	
	187.8	-0.470011	6.395165	3.024175	7	
	187.9	-0.470011	6.389586	3.052072	7	
	188	-0.470168	6.393312	3.033439	7	
	188.1	-0.469588	6.389835	3.050823	7	
	188.2	-0.47005	6.382788	3.086058	7	
	188.3	-0.469716	6.384839	3.075805	7	
	188.4	-0.469038	6.383694	3.08153	7	
	188.5	-0.469647	6.386067	3.069663	7	
	188.6	-0.470296	6.383881	3.080593	7	
	188.7	-0.470168	6.385693	3.071537	7	
	188.8	-0.469942	6.381623	3.091887	7	
	188.9	-0.470394	6.381685	3.091574	7	
	189	-0.470296	6.373597	3.132014	7	
	189.1	-0.470482	6.383299	3.083507	7	
	189.2	-0.470699	6.375565	3.122177	7	
	189.3	-0.470984	6.375304	3.123478	7	
	189.4	-0.471445	6.37671	3.116452	7	
	189.5	-0.471318	6.378989	3.105054	7	
	189.6	-0.471151	6.374857	3.125716	7	
	189.7	-0.471485	6.374669	3.126653	7	
	189.8	-0.471573	6.378011	3.109947	7	
	189.9	-0.471603	6.376741	3.116296	7	
	190	-0.471465	6.375606	3.121969	7	
	190.1	-0.471259	6.378594	3.107032	7	
	190.2	-0.471887	6.374846	3.125768	7	
	190.3	-0.471819	6.37671	3.116452	7	
	190.4	-0.471789	6.378292	3.108541	7	
	190.5	-0.472005	6.378698	3.106512	7	
	190.6	-0.472064	6.382955	3.085225	7	
	190.7	-0.471799	6.375554	3.122229	7	
	190.8	-0.471534	6.380113	3.099433	7	
	190.9	-0.471298	6.382143	3.089284	7	
	191	-0.47174	6.373504	3.132482	7	
	191.1	-0.471534	6.380009	3.099954	7	
	191.2	-0.471632	6.377511	3.112445	7	
	191.3	-0.471996	6.371734	3.14133	7	
	191.4	-0.471367	6.379072	3.104638	7	
	191.5	-0.471111	6.379333	3.103337	7	
	191.6	-0.470925	6.378125	3.109374	7	
	191.7	-0.470728	6.373857	3.130713	7	
	191.8	-0.470502	6.376324	3.118378	7	
	191.9	-0.470885	6.375679	3.121605	7	
	192	-0.471023	6.372473	3.137635	7	
	192.1	-0.471092	6.378781	3.106095	7	
	192.2	-0.471377	6.375429	3.122854	7	
	192.3	-0.471583	6.373441	3.132795	7	
	192.4	-0.471593	6.377844	3.110779	7	
	192.5	-0.471465	6.381258	3.093708	7	
	192.6	-0.471996	6.368903	3.155486	7	
	192.7	-0.472133	6.371422	3.142891	7	
	192.8	-0.472005	6.375252	3.123739	7	
	192.9	-0.471755	6.377268	3.11366	7	
	193	-0.471583	6.37062	3.146899	7	
	193.1	-0.471868	6.376085	3.119575	7	
	193.2	-0.472202	6.375575	3.122125	7	
	193.3	-0.471887	6.375866	3.120668	7	
	193.4	-0.471799	6.374503	3.127486	7	
	193.5	-0.471828	6.38054	3.097299	7	
	193.6	-0.471622	6.378958	3.10521	7	
	193.7	-0.471406	6.378198	3.10901	7	
	193.8	-0.471278	6.378021	3.109895	7	
	193.9	-0.471033	6.377324	3.113382	7	
	194	-0.470758	6.380988	3.095061	7	
	194.1	-0.471072	6.376543	3.117285	7	
	194.2	-0.470816	6.371807	3.140966	7	
	194.3	-0.470885	6.377261	3.113694	7	
	194.4	-0.470679	6.378302	3.108489	7	
	194.5	-0.470168	6.377844	3.110779	7	
	194.6	-0.469981	6.383184	3.08408	7	
	194.7	-0.469834	6.383538	3.08231	7	
	194.8	-0.469991	6.383434	3.082831	7	
	194.9	-0.469942	6.378875	3.105627	7	
	195	-0.469903	6.3836	3.081998	7	
	195.1	-0.469421	6.374274	3.128631	7	
	195.2	-0.469608	6.379395	3.103024	7	
	195.3	-0.469508	6.380243	3.098783	7	
	195.4	-0.469313	6.376002	3.119991	7	
	195.5	-0.469062	6.380536	3.097322	7	
	195.6	-0.468832	6.379238	3.103809	7	
	195.7	-0.468721	6.374949	3.125256	7	
	195.8	-0.468793	6.376146	3.11927	7	
	195.9	-0.468498	6.374649	3.126757	7	
	196	-0.468733	6.373337	3.133315	7	
	196.1	-0.468458	6.37316	3.1342	7	
	196.2	-0.46834	6.378791	3.106043	7	
	196.3	-0.468704	6.373722	3.131389	7	
	196.4	-0.468606	6.370985	3.145077	7	
	196.5	-0.468576	6.374274	3.128631	7	
	196.6	-0.468802	6.370069	3.149657	7	
	196.7	-0.469313	6.374628	3.126861	7	
	196.8	-0.469215	6.372109	3.139456	7	
	196.9	-0.468842	6.375835	3.120824	7	
	197	-0.468675	6.377657	3.111716	7	
	197.1	-0.468832	6.378313	3.108437	7	
	197.2	-0.468832	6.375034	3.124832	7	
	197.3	-0.468842	6.380998	3.095009	7	
	197.4	-0.469176	6.377136	3.114318	7	
	197.5	-0.469303	6.379759	3.101203	7	
	197.6	-0.469225	6.384464	3.077678	7	
	197.7	-0.469372	6.384162	3.079188	7	
	197.8	-0.469362	6.378052	3.109738	7	
	197.9	-0.469569	6.379582	3.102088	7	
	198	-0.469618	6.378011	3.109947	7	
	198.1	-0.469303	6.381904	3.090481	7	
	198.2	-0.468959	6.382653	3.086734	7	
	198.3	-0.469225	6.379197	3.104013	7	
	198.4	-0.469264	6.376824	3.11588	7	
	198.5	-0.468959	6.372088	3.139561	7	
	198.6	-0.469009	6.380072	3.099642	7	
	198.7	-0.468517	6.373826	3.130869	7	
	198.8	-0.468527	6.374596	3.127018	7	
	198.9	-0.468586	6.378156	3.109218	7	
	199	-0.468213	6.397653	3.011736	7	
	199.1	-0.46782	6.387972	3.060139	7	
	199.2	-0.467653	6.405928	2.97036	7	
	199.3	-0.467997	6.403763	2.981186	7	
	199.4	-0.468134	6.41387	2.930649	7	
	199.5	-0.468242	6.422354	2.888232	7	
	199.6	-0.468282	6.432357	2.838216	7	
	199.7	-0.467869	6.445649	2.771754	7	
	199.8	-0.467663	6.451166	2.74417	7	
	199.9	-0.467721	6.461617	2.691916	7	
	200	-0.467771	6.467446	2.662771	7	
	200.1	-0.467859	6.479364	2.603178	7	
	200.2	-0.468262	6.483132	2.584338	7	
	200.3	-0.468891	6.489513	2.552434	7	
	200.4	-0.468871	6.497757	2.511214	7	
	200.5	-0.468724	6.506053	2.469733	7	
	200.6	-0.469077	6.512247	2.438766	7	
	200.7	-0.469117	6.513819	2.430907	7	
	200.8	-0.468959	6.523988	10	9	
	200.9	-0.469284	6.555247	10	9	
	201	-0.469421	6.557589	10	9	
	201.1	-0.46893	6.589743	10	9	
	201.2	-0.468861	6.611664	10	9	
	201.3	-0.469185	6.645442	10	9	
	201.4	-0.469274	6.673765	10	9	
	201.5	-0.468969	6.678553	10	9	
	201.6	-0.469411	6.725384	10	9	
	201.7	-0.469677	6.75175	10	9	
	201.8	-0.469785	6.781271	10	9	
	201.9	-0.469284	6.812904	10	9	
	202	-0.469038	6.841425	10	9	
	202.1	-0.469362	6.867937	10	9	
	202.2	-0.469018	6.907544	10	9	
	202.3	-0.469294	6.937095	10	9	
	202.4	-0.469461	6.951876	10	9	
	202.5	-0.469313	7.001653	9.991737	9	
	202.6	-0.4695	7.02219	9.889051	9	
	202.7	-0.469461	7.049368	9.75316	9	
	202.8	-0.469696	7.080231	9.598844	9	
	202.9	-0.469608	7.104797	9.476017	9	
	203	-0.469795	7.142571	9.287143	9	
	203.1	-0.469942	7.168167	9.159163	9	
	203.2	-0.470315	7.194794	9.02603	9	
	203.3	-0.470266	7.23081	8.845952	9	
	203.4	-0.470679	7.254064	8.729682	9	
	203.5	-0.470866	7.287248	8.563761	9	
	203.6	-0.470974	7.307993	8.460034	9	
	203.7	-0.470885	7.337795	8.311027	9	
	203.8	-0.471092	7.365889	8.170556	9	
	203.9	-0.470836	7.394264	8.02868	9	
	204	-0.47118	7.419131	7.904343	9	
	204.1	-0.471544	7.45318	7.734102	9	
	204.2	-0.471524	7.474654	7.626731	9	
	204.3	-0.471583	7.514552	7.427241	9	
	204.4	-0.47116	7.532143	7.339283	9	
	204.5	-0.471396	7.559613	7.201935	9	
	204.6	-0.472064	7.590507	7.047464	9	
	204.7	-0.471671	7.612845	6.935774	9	
	204.8	-0.471249	7.647112	6.764439	9	
	204.9	-0.470954	7.677205	6.613975	9	
	205	-0.471435	7.697596	6.512018	9	
	205.1	-0.471111	7.741096	6.294519	9	
	205.2	-0.471042	7.768056	6.159721	9	
	205.3	-0.471652	7.800917	5.995413	9	
	205.4	-0.471524	7.813075	5.934624	9	
	205.5	-0.471013	7.848019	5.759907	9	
	205.6	-0.471563	7.872345	5.638276	9	
	205.7	-0.47176	7.900699	5.496504	9	
	205.8	-0.471042	7.929928	5.35036	9	
	205.9	-0.471003	7.958855	5.205725	9	
	206	-0.470885	7.984097	5.079514	9	
	206.1	-0.470718	8.011952	4.94024	9	
	206.2	-0.470659	8.032864	4.83568	9	
	206.3	-0.470925	8.060167	4.699165	9	
	206.4	-0.470492	8.088407	4.557965	9	
	206.5	-0.470374	8.110547	4.447264	9	
	206.6	-0.470286	8.134415	4.327923	9	
	206.7	-0.469913	8.161666	4.191668	9	
	206.8	-0.469755	8.180392	4.098038	9	
	206.9	-0.469696	8.20603	3.969849	9	
	207	-0.470021	8.220176	3.899119	9	
	207.1	-0.469932	8.247167	3.764165	9	
	207.2	-0.470119	8.260262	3.698691	9	
	207.3	-0.469903	8.280809	3.595953	9	
	207.4	-0.469706	8.298588	3.507059	9	
	207.5	-0.469411	8.315805	3.420976	9	
	207.6	-0.470266	8.33299	3.335049	9	
	207.7	-0.470168	8.346418	3.26791	9	
	207.8	-0.47007	8.364665	3.176674	9	
	207.9	-0.470355	8.390022	3.049891	9	
	208	-0.470502	8.390553	3.047236	9	
	208.1	-0.470925	8.400327	2.998365	9	
	208.2	-0.470974	8.414494	2.927531	9	
	208.3	-0.470993	8.427276	2.863619	9	
	208.4	-0.470767	8.433917	2.830414	9	
	208.5	-0.47062	8.444035	2.779826	9	
	208.6	-0.470453	8.456557	2.717215	9	
	208.7	-0.470296	8.465582	2.672091	9	
	208.8	-0.469903	8.476116	2.619421	9	
	208.9	-0.469647	8.485692	2.571539	9	
	209	-0.469962	8.489741	2.551293	9	
	209.1	-0.469176	8.49886	2.505701	9	
	209.2	-0.468901	8.501691	2.491545	9	
	209.3	-0.468517	8.511111	2.444444	9	
	209.4	-0.468557	8.511954	2.440228	9	
	209.5	-0.468301	8.52176	2.391201	9	
	209.6	-0.468085	8.52939	2.353052	9	
	209.7	-0.468144	8.533075	2.334627	9	
	209.8	-0.467908	8.538852	2.305742	9	
	209.9	-0.467987	8.542505	2.287474	9	
	210	-0.467947	8.545992	2.270039	9	
	210.1	-0.467663	8.54696	2.265198	9	
	210.2	-0.467928	8.556276	2.218618	9	
	210.3	-0.467924	8.56002	2.199902	9	
	210.4	-0.467947	8.562543	2.187286	9	
	210.5	-0.46783	8.566363	2.168185	9	
	210.6	-0.467073	8.57164	2.141798	9	
	210.7	-0.466975	8.572744	2.136281	9	
	210.8	-0.467407	8.573712	2.131441	9	
	210.9	-0.467161	8.578479	2.107604	9	
	211	-0.467417	8.578771	2.106147	9	
	211.1	-0.467574	8.580051	2.099745	9	
	211.2	-0.468223	8.583788	2.081061	9	
	211.3	-0.468183	8.585058	2.074711	9	
	211.4	-0.46834	8.586348	2.068258	9	
	211.5	-0.468527	8.590616	2.046919	9	
	211.6	-0.468527	8.592584	2.037082	9	
	211.7	-0.468547	8.592719	2.036406	9	
	211.8	-0.468733	8.59428	2.028599	9	
	211.9	-0.468645	8.596789	2.016056	9	
	212	-0.468576	8.597101	2.014495	9	
	212.1	-0.468537	8.595987	2.020064	9	
	212.2	-0.46836	8.59911	2.00445	9	
	212.3	-0.468419	8.599776	2.001119	9	
	212.4	-0.468547	8.600557	1.997216	9	
	212.5	-0.468449	8.603763	1.981185	9	
	212.6	-0.468321	8.603097	1.984516	9	
	212.7	-0.468478	8.602233	1.988836	9	
	212.8	-0.468507	8.603513	1.982435	9	
	212.9	-0.467535	8.606167	1.969163	9	
	213	-0.46837	8.605585	1.972077	9	
	213.1	-0.468282	8.605678	1.971609	9	
	213.2	-0.468301	8.608582	1.957088	9	
	213.3	-0.468252	8.607208	1.963958	9	
	213.4	-0.468134	8.607802	1.960992	9	
	213.5	-0.467967	8.609915	1.950426	9	
	213.6	-0.468016	8.608343	1.958285	9	
	213.7	-0.467849	8.608468	1.957661	9	
	213.8	-0.467653	8.609436	1.952821	9	
	213.9	-0.467348	8.610862	1.94569	9	
	214	-0.467653	8.609759	1.951207	9	
	214.1	-0.467761	8.612746	1.93627	9	
	214.2	-0.467957	8.610518	1.947408	9	
	214.3	-0.468272	8.608666	1.956672	9	
	214.4	-0.468114	8.610352	1.948241	9	
	214.5	-0.468124	8.610799	1.946003	9	
	214.6	-0.468439	8.61131	1.943452	9	
	214.7	-0.468321	8.610539	1.947304	9	
	214.8	-0.468419	8.613652	1.931742	9	
	214.9	-0.468154	8.611278	1.943608	9	
	215	-0.468439	8.611799	1.941006	9	
	215.1	-0.468783	8.612579	1.937103	9	
	215.2	-0.468449	8.609155	1.954226	9	
	215.3	-0.468655	8.609384	1.953081	9	
	215.4	-0.468724	8.60955	1.952248	9	
	215.5	-0.469195	8.610373	1.948136	9	
	215.6	-0.468733	8.608707	1.956464	9	
	215.7	-0.468586	8.611278	1.943608	9	
	215.8	-0.468645	8.610498	1.947512	9	
	215.9	-0.468488	8.608759	1.956204	9	
	216	-0.468439	8.610154	1.949229	9	
	216.1	-0.468223	8.610477	1.947616	9	
	216.2	-0.468488	8.609519	1.952404	9	
	216.3	-0.468449	8.611133	1.944337	9	
	216.4	-0.468537	8.609852	1.950739	9	
	216.5	-0.469038	8.608874	1.955631	9	
	216.6	-0.468566	8.60902	1.954902	9	
	216.7	-0.46895	8.609988	1.950062	9	
	216.8	-0.468724	8.609092	1.954538	9	
	216.9	-0.468885	8.608343	1.958287	9	
	217	-0.468802	8.609779	1.951103	9	
	217.1	-0.467427	8.610394	1.948032	9	
	217.2	-0.46725	8.608936	1.955319	9	
	217.3	-0.468095	8.608874	1.955631	9	
	217.4	-0.468124	8.60953	1.952352	9	
	217.5	-0.468065	8.607292	1.963542	9	
	217.6	-0.468507	8.608811	1.955943	9	
	217.7	-0.468625	8.608822	1.955891	9	
	217.8	-0.469077	8.606573	1.967133	9	
	217.9	-0.469156	8.608676	1.95662	9	
	218	-0.469215	8.607406	1.962969	9	
	218.1	-0.469372	8.60725	1.96375	9	
	218.2	-0.469382	8.607354	1.96323	9	
	218.3	-0.469578	8.60852	1.957401	9	
	218.4	-0.469608	8.607646	1.961772	9	
	218.5	-0.469578	8.607656	1.96172	9	
	218.6	-0.470374	8.607135	1.964323	9	
	218.7	-0.470571	8.607541	1.962293	9	
	218.8	-0.4706	8.607448	1.962761	9	
	218.9	-0.470728	8.606823	1.965884	9	
	219	-0.470797	8.607864	1.960679	9	
	219.1	-0.470875	8.607052	1.964739	9	
	219.2	-0.470885	8.607625	1.961877	9	
	219.3	-0.47119	8.606209	1.968955	9	
	219.4	-0.471219	8.604814	1.975929	9	
	219.5	-0.471151	8.606448	1.967758	9	
	219.6	-0.471377	8.607864	1.960679	9	
	219.7	-0.47175	8.606407	1.967966	9	
	219.8	-0.471701	8.605335	1.973327	9	
	219.9	-0.471701	8.606615	1.966925	9	
	220	-0.471504	8.604481	1.977594	9	
	220.1	-0.471367	8.604637	1.976814	9	
	220.2	-0.471494	8.605886	1.970568	9	
	220.3	-0.471603	8.606782	1.966092	9	
	220.4	-0.471897	8.604471	1.977646	9	
	220.5	-0.471327	8.607708	1.96146	9	
	220.6	-0.47118	8.606532	1.967341	9	
	220.7	-0.471327	8.603336	1.983319	9	
	220.8	-0.471347	8.605168	1.974159	9	
	220.9	-0.471318	8.606469	1.967654	9	
	221	-0.471219	8.60599	1.970048	9	
	221.1	-0.471072	8.605959	1.970204	9	
	221.2	-0.470993	8.606865	1.965676	9	
	221.3	-0.47116	8.604762	1.976189	9	
	221.4	-0.4712	8.604106	1.979468	9	
	221.5	-0.47116	8.606084	1.969579	9	
	221.6	-0.470993	8.605553	1.972234	9	
	221.7	-0.470767	8.603898	1.980509	9	
	221.8	-0.470306	8.604544	1.977282	9	
	221.9	-0.470188	8.604512	1.977438	9	
	222	-0.469991	8.602004	1.989981	9	
	222.1	-0.469981	8.605699	1.971505	9	
	222.2	-0.470001	8.603929	1.980353	9	
	222.3	-0.470247	8.604585	1.977074	9	
	222.4	-0.470915	8.604481	1.977594	9	
	222.5	-0.470718	8.604752	1.976241	9	
	222.6	-0.470306	8.602961	1.985193	9	
	222.7	-0.470306	8.603628	1.981862	9	
	222.8	-0.470355	8.604669	1.976657	9	
	222.9	-0.469637	8.602774	1.98613	9	
	223	-0.469215	8.60368	1.981602	9	
	223.1	-0.469244	8.604117	1.979416	9	
	223.2	-0.469294	8.604294	1.978531	9	
	223.3	-0.469323	8.60344	1.982799	9	
	223.4	-0.468861	8.604554	1.97723	9	
	223.5	-0.46892	8.602941	1.985297	9	
	223.6	-0.469077	8.602503	1.987483	9	
	223.7	-0.469126	8.603742	1.98129	9	
	223.8	-0.469009	8.604138	1.979312	9	
	223.9	-0.46949	8.601431	1.992844	9	
	224	-0.46947	8.603295	1.983527	9	
	224.1	-0.469441	8.603347	1.983267	9	
	224.2	-0.46948	8.602368	1.98816	9	
	224.3	-0.469844	8.603607	1.981966	9	
	224.4	-0.46951	8.604856	1.975721	9	
	224.5	-0.469598	8.60395	0	9	
